[
  {
    "category":"PalicoCourier",
    "item":"Rathalos Palico Courier",
    "material":"Monster Essence",
    "rarity":"Common",
    "amount":15
  },
  {
    "category":"PalicoCourier",
    "item":"Rathalos Palico Courier",
    "material":"Rathalos Carapace",
    "rarity":"Uncommon.6",
    "amount":3
  },
  {
    "category":"PalicoCourier",
    "item":"Rathalos Palico Courier",
    "material":"Rathalos Wings",
    "rarity":"Uncommon.7",
    "amount":3
  },
  {
    "category":"PalicoCourier",
    "item":"Rathalos Palico Courier",
    "material":"Rathalos Tail",
    "rarity":"Uncommon.8",
    "amount":3
  },
  {
    "category":"PalicoCourier",
    "item":"Rathalos Palico Courier",
    "material":"Rathalos Ruby",
    "rarity":"Rare.4",
    "amount":3
  },
  {
    "category":"PalicoCourier",
    "item":"Rathalos Palico Courier",
    "material":"Palico Voucher",
    "rarity":"Super Rare",
    "amount":1
  },
  {
    "category":"PalicoCourier",
    "item":"Zinogre Palico Courier",
    "material":"Monster Fur",
    "rarity":"Common.1",
    "amount":15
  },
  {
    "category":"PalicoCourier",
    "item":"Zinogre Palico Courier",
    "material":"Zinogre Electrofur",
    "rarity":"Uncommon.3",
    "amount":3
  },
  {
    "category":"PalicoCourier",
    "item":"Zinogre Palico Courier",
    "material":"Zinogre Deathly Shocker",
    "rarity":"Uncommon.4",
    "amount":3
  },
  {
    "category":"PalicoCourier",
    "item":"Zinogre Palico Courier",
    "material":"Zinogre Cortex",
    "rarity":"Uncommon.5",
    "amount":3
  },
  {
    "category":"PalicoCourier",
    "item":"Zinogre Palico Courier",
    "material":"Zinogre Skymerald",
    "rarity":"Rare.3",
    "amount":3
  },
  {
    "category":"PalicoCourier",
    "item":"Zinogre Palico Courier",
    "material":"Palico Voucher",
    "rarity":"Super Rare",
    "amount":1
  },
  {
    "category":"PalicoCourier",
    "item":"Kirin Palico Courier",
    "material":"Monster Claws",
    "rarity":"Common.2",
    "amount":15
  },
  {
    "category":"PalicoCourier",
    "item":"Kirin Palico Courier",
    "material":"Kirin Thunderhorn",
    "rarity":"Uncommon.9",
    "amount":3
  },
  {
    "category":"PalicoCourier",
    "item":"Kirin Palico Courier",
    "material":"Kirin Hide",
    "rarity":"Uncommon.10",
    "amount":3
  },
  {
    "category":"PalicoCourier",
    "item":"Kirin Palico Courier",
    "material":"Kirin Mane",
    "rarity":"Uncommon.11",
    "amount":3
  },
  {
    "category":"PalicoCourier",
    "item":"Kirin Palico Courier",
    "material":"Large Elder Dragon Gem",
    "rarity":"Rare.7",
    "amount":3
  },
  {
    "category":"PalicoCourier",
    "item":"Kirin Palico Courier",
    "material":"Palico Voucher",
    "rarity":"Super Rare",
    "amount":1
  },
  {
    "category":"PalicoCourier",
    "item":"Odogaron Palico Courier",
    "material":"Monster Claws",
    "rarity":"Common.2",
    "amount":15
  },
  {
    "category":"PalicoCourier",
    "item":"Odogaron Palico Courier",
    "material":"Odogaron Sinew",
    "rarity":"Uncommon",
    "amount":3
  },
  {
    "category":"PalicoCourier",
    "item":"Odogaron Palico Courier",
    "material":"Odogaron Hardfang",
    "rarity":"Uncommon.1",
    "amount":3
  },
  {
    "category":"PalicoCourier",
    "item":"Odogaron Palico Courier",
    "material":"Odogaron Scale",
    "rarity":"Uncommon.2",
    "amount":3
  },
  {
    "category":"PalicoCourier",
    "item":"Odogaron Palico Courier",
    "material":"Odogaron Mantle",
    "rarity":"Rare.1",
    "amount":3
  },
  {
    "category":"PalicoCourier",
    "item":"Odogaron Palico Courier",
    "material":"Palico Voucher",
    "rarity":"Super Rare",
    "amount":1
  },
  {
    "category":"PalicoCourier",
    "item":"Bone Palico Courier",
    "material":"Monster Essence",
    "rarity":"Common",
    "amount":15
  },
  {
    "category":"PalicoCourier",
    "item":"Bone Palico Courier",
    "material":"Ancient Bone",
    "rarity":"Uncommon.12",
    "amount":3
  },
  {
    "category":"PalicoCourier",
    "item":"Bone Palico Courier",
    "material":"Kestodon Shell",
    "rarity":"Uncommon.13",
    "amount":3
  },
  {
    "category":"PalicoCourier",
    "item":"Bone Palico Courier",
    "material":"Bullfango Head",
    "rarity":"Uncommon.14",
    "amount":3
  },
  {
    "category":"PalicoCourier",
    "item":"Bone Palico Courier",
    "material":"Warped Bone",
    "rarity":"Rare.9",
    "amount":3
  },
  {
    "category":"PalicoCourier",
    "item":"Bone Palico Courier",
    "material":"Palico Voucher",
    "rarity":"Super Rare",
    "amount":1
  },
  {
    "category":"Sniper Base",
    "item":"Garon Rifle",
    "material":"Monster Essence",
    "rarity":"Common",
    "amount":6
  },
  {
    "category":"Sniper Base",
    "item":"Garon Rifle",
    "material":"Monster Fur",
    "rarity":"Common.1",
    "amount":6
  },
  {
    "category":"Sniper Base",
    "item":"Garon Rifle",
    "material":"Odogaron Sinew",
    "rarity":"Uncommon",
    "amount":4
  },
  {
    "category":"Sniper Base",
    "item":"Garon Rifle",
    "material":"Odogaron Hardfang",
    "rarity":"Uncommon.1",
    "amount":4
  },
  {
    "category":"Sniper Base",
    "item":"Garon Rifle",
    "material":"Odogaron Shard",
    "rarity":"Rare",
    "amount":2
  },
  {
    "category":"Sniper Base",
    "item":"Garon Rifle",
    "material":"Odogaron Mantle",
    "rarity":"Rare.1",
    "amount":2
  },
  {
    "category":"Sniper Base",
    "item":"Helm beta",
    "material":"Odogaron Hardfang",
    "rarity":"Uncommon.1",
    "amount":4
  },
  {
    "category":"Sniper Base",
    "item":"Helm beta",
    "material":"Odogaron Scale",
    "rarity":"Uncommon.2",
    "amount":4
  },
  {
    "category":"Sniper Base",
    "item":"Helm beta",
    "material":"Odogaron Shard",
    "rarity":"Rare",
    "amount":2
  },
  {
    "category":"Sniper Base",
    "item":"Helm beta",
    "material":"Odogaron Mantle",
    "rarity":"Rare.1",
    "amount":2
  },
  {
    "category":"Sniper Base",
    "item":"Cape beta",
    "material":"Monster Essence",
    "rarity":"Common",
    "amount":5
  },
  {
    "category":"Sniper Base",
    "item":"Cape beta",
    "material":"Monster Fur",
    "rarity":"Common.1",
    "amount":5
  },
  {
    "category":"Sniper Base",
    "item":"Cape beta",
    "material":"Odogaron Sinew",
    "rarity":"Uncommon",
    "amount":3
  },
  {
    "category":"Sniper Base",
    "item":"Cape beta",
    "material":"Odogaron Hardfang",
    "rarity":"Uncommon.1",
    "amount":3
  },
  {
    "category":"Sniper Base",
    "item":"Mail beta",
    "material":"Monster Fur",
    "rarity":"Common.1",
    "amount":5
  },
  {
    "category":"Sniper Base",
    "item":"Mail beta",
    "material":"Odogaron Sinew",
    "rarity":"Uncommon",
    "amount":3
  },
  {
    "category":"Sniper Base",
    "item":"Mail beta",
    "material":"Odogaron Scale",
    "rarity":"Uncommon.2",
    "amount":3
  },
  {
    "category":"Sniper Base",
    "item":"Vambraces and Greaves",
    "material":"Monster Essence",
    "rarity":"Common",
    "amount":5
  },
  {
    "category":"Sniper Base",
    "item":"Vambraces and Greaves",
    "material":"Odogaron Scale",
    "rarity":"Uncommon.2",
    "amount":3
  },
  {
    "category":"Sniper Dreadwood",
    "item":"Rifle",
    "material":"Monster Essence",
    "rarity":"Common",
    "amount":3
  },
  {
    "category":"Sniper Dreadwood",
    "item":"Rifle",
    "material":"Odogaron Sinew",
    "rarity":"Uncommon",
    "amount":3
  },
  {
    "category":"Sniper Dreadwood",
    "item":"Rifle",
    "material":"Odogaron Hardfang",
    "rarity":"Uncommon.1",
    "amount":3
  },
  {
    "category":"Sniper Dreadwood",
    "item":"Rifle",
    "material":"Odogaron Shard",
    "rarity":"Rare",
    "amount":2
  },
  {
    "category":"Sniper Dreadwood",
    "item":"Helm beta",
    "material":"Monster Fur",
    "rarity":"Common.1",
    "amount":3
  },
  {
    "category":"Sniper Dreadwood",
    "item":"Helm beta",
    "material":"Odogaron Scale",
    "rarity":"Uncommon.2",
    "amount":3
  },
  {
    "category":"Sniper Dreadwood",
    "item":"Helm beta",
    "material":"Odogaron Mantle",
    "rarity":"Rare.1",
    "amount":2
  },
  {
    "category":"Sniper Dreadwood",
    "item":"Cape beta",
    "material":"Monster Essence",
    "rarity":"Common",
    "amount":3
  },
  {
    "category":"Sniper Dreadwood",
    "item":"Cape beta",
    "material":"Odogaron Hardfang",
    "rarity":"Uncommon.1",
    "amount":3
  },
  {
    "category":"Sniper Dreadwood",
    "item":"Mail beta",
    "material":"Monster Fur",
    "rarity":"Common.1",
    "amount":3
  },
  {
    "category":"Sniper Dreadwood",
    "item":"Mail beta",
    "material":"Odogaron Sinew",
    "rarity":"Uncommon",
    "amount":3
  },
  {
    "category":"Sniper Dreadwood",
    "item":"Vambraces and Greaves",
    "material":"Odogaron Scale",
    "rarity":"Uncommon.2",
    "amount":3
  },
  {
    "category":"Sniper Foxfire",
    "item":"Rifle",
    "material":"Monster Essence",
    "rarity":"Common",
    "amount":4
  },
  {
    "category":"Sniper Foxfire",
    "item":"Rifle",
    "material":"Monster Fur",
    "rarity":"Common.1",
    "amount":4
  },
  {
    "category":"Sniper Foxfire",
    "item":"Rifle",
    "material":"Odogaron Sinew",
    "rarity":"Uncommon",
    "amount":3
  },
  {
    "category":"Sniper Foxfire",
    "item":"Rifle",
    "material":"Odogaron Hardfang",
    "rarity":"Uncommon.1",
    "amount":3
  },
  {
    "category":"Sniper Foxfire",
    "item":"Rifle",
    "material":"Zinogre Electrofur",
    "rarity":"Uncommon.3",
    "amount":2
  },
  {
    "category":"Sniper Foxfire",
    "item":"Rifle",
    "material":"Odogaron Shard",
    "rarity":"Rare",
    "amount":1
  },
  {
    "category":"Sniper Foxfire",
    "item":"Rifle",
    "material":"Odogaron Mantle",
    "rarity":"Rare.1",
    "amount":2
  },
  {
    "category":"Sniper Foxfire",
    "item":"Helm beta",
    "material":"Odogaron Hardfang",
    "rarity":"Uncommon.1",
    "amount":3
  },
  {
    "category":"Sniper Foxfire",
    "item":"Helm beta",
    "material":"Odogaron Scale",
    "rarity":"Uncommon.2",
    "amount":3
  },
  {
    "category":"Sniper Foxfire",
    "item":"Helm beta",
    "material":"Zinogre Deathly Shocker",
    "rarity":"Uncommon.4",
    "amount":2
  },
  {
    "category":"Sniper Foxfire",
    "item":"Helm beta",
    "material":"Odogaron Shard",
    "rarity":"Rare",
    "amount":1
  },
  {
    "category":"Sniper Foxfire",
    "item":"Helm beta",
    "material":"Odogaron Mantle",
    "rarity":"Rare.1",
    "amount":1
  },
  {
    "category":"Sniper Foxfire",
    "item":"Cape beta",
    "material":"Monster Essence",
    "rarity":"Common",
    "amount":4
  },
  {
    "category":"Sniper Foxfire",
    "item":"Cape beta",
    "material":"Monster Fur",
    "rarity":"Common.1",
    "amount":4
  },
  {
    "category":"Sniper Foxfire",
    "item":"Cape beta",
    "material":"Odogaron Sinew",
    "rarity":"Uncommon",
    "amount":3
  },
  {
    "category":"Sniper Foxfire",
    "item":"Cape beta",
    "material":"Odogaron Scale",
    "rarity":"Uncommon.2",
    "amount":3
  },
  {
    "category":"Sniper Foxfire",
    "item":"Cape beta",
    "material":"Zinogre Cortex",
    "rarity":"Uncommon.5",
    "amount":4
  },
  {
    "category":"Sniper Foxfire",
    "item":"Mail beta",
    "material":"Monster Fur",
    "rarity":"Common.1",
    "amount":4
  },
  {
    "category":"Sniper Foxfire",
    "item":"Mail beta",
    "material":"Odogaron Sinew",
    "rarity":"Uncommon",
    "amount":3
  },
  {
    "category":"Sniper Foxfire",
    "item":"Mail beta",
    "material":"Zinogre Deathly Shocker",
    "rarity":"Uncommon.4",
    "amount":2
  },
  {
    "category":"Sniper Foxfire",
    "item":"Mail beta",
    "material":"Odogaron Shard",
    "rarity":"Rare",
    "amount":1
  },
  {
    "category":"Sniper Foxfire",
    "item":"Vambraces and Greaves",
    "material":"Monster Essence",
    "rarity":"Common",
    "amount":4
  },
  {
    "category":"Sniper Foxfire",
    "item":"Vambraces and Greaves",
    "material":"Odogaron Hardfang",
    "rarity":"Uncommon.1",
    "amount":3
  },
  {
    "category":"Sniper Foxfire",
    "item":"Vambraces and Greaves",
    "material":"Odogaron Scale",
    "rarity":"Uncommon.2",
    "amount":3
  },
  {
    "category":"Sniper Foxfire",
    "item":"Vambraces and Greaves",
    "material":"Zinogre Electrofur",
    "rarity":"Uncommon.3",
    "amount":2
  },
  {
    "category":"Sniper Prismatic",
    "item":"Rifle",
    "material":"Monster Essence",
    "rarity":"Common",
    "amount":7
  },
  {
    "category":"Sniper Prismatic",
    "item":"Rifle",
    "material":"Monster Fur",
    "rarity":"Common.1",
    "amount":7
  },
  {
    "category":"Sniper Prismatic",
    "item":"Rifle",
    "material":"Odogaron Sinew",
    "rarity":"Uncommon",
    "amount":4
  },
  {
    "category":"Sniper Prismatic",
    "item":"Rifle",
    "material":"Odogaron Hardfang",
    "rarity":"Uncommon.1",
    "amount":4
  },
  {
    "category":"Sniper Prismatic",
    "item":"Rifle",
    "material":"Zinogre Electrofur",
    "rarity":"Uncommon.3",
    "amount":3
  },
  {
    "category":"Sniper Prismatic",
    "item":"Rifle",
    "material":"Odogaron Shard",
    "rarity":"Rare",
    "amount":2
  },
  {
    "category":"Sniper Prismatic",
    "item":"Rifle",
    "material":"Odogaron Mantle",
    "rarity":"Rare.1",
    "amount":4
  },
  {
    "category":"Sniper Prismatic",
    "item":"Rifle",
    "material":"Prismatic Pigment",
    "rarity":"Super Rare.2",
    "amount":1
  },
  {
    "category":"Sniper Prismatic",
    "item":"Helm beta",
    "material":"Odogaron Hardfang",
    "rarity":"Uncommon.1",
    "amount":4
  },
  {
    "category":"Sniper Prismatic",
    "item":"Helm beta",
    "material":"Odogaron Scale",
    "rarity":"Uncommon.2",
    "amount":4
  },
  {
    "category":"Sniper Prismatic",
    "item":"Helm beta",
    "material":"Zinogre Deathly Shocker",
    "rarity":"Uncommon.4",
    "amount":3
  },
  {
    "category":"Sniper Prismatic",
    "item":"Helm beta",
    "material":"Odogaron Shard",
    "rarity":"Rare",
    "amount":2
  },
  {
    "category":"Sniper Prismatic",
    "item":"Helm beta",
    "material":"Odogaron Mantle",
    "rarity":"Rare.1",
    "amount":2
  },
  {
    "category":"Sniper Prismatic",
    "item":"Helm beta",
    "material":"Prismatic Pigment",
    "rarity":"Super Rare.2",
    "amount":1
  },
  {
    "category":"Sniper Prismatic",
    "item":"Cape beta",
    "material":"Monster Essence",
    "rarity":"Common",
    "amount":5
  },
  {
    "category":"Sniper Prismatic",
    "item":"Cape beta",
    "material":"Monster Fur",
    "rarity":"Common.1",
    "amount":5
  },
  {
    "category":"Sniper Prismatic",
    "item":"Cape beta",
    "material":"Odogaron Sinew",
    "rarity":"Uncommon",
    "amount":4
  },
  {
    "category":"Sniper Prismatic",
    "item":"Cape beta",
    "material":"Odogaron Scale",
    "rarity":"Uncommon.2",
    "amount":4
  },
  {
    "category":"Sniper Prismatic",
    "item":"Cape beta",
    "material":"Zinogre Cortex",
    "rarity":"Uncommon.5",
    "amount":6
  },
  {
    "category":"Sniper Prismatic",
    "item":"Cape beta",
    "material":"Zinogre Hardhorn",
    "rarity":"Rare.2",
    "amount":3
  },
  {
    "category":"Sniper Prismatic",
    "item":"Mail beta",
    "material":"Monster Fur",
    "rarity":"Common.1",
    "amount":5
  },
  {
    "category":"Sniper Prismatic",
    "item":"Mail beta",
    "material":"Odogaron Sinew",
    "rarity":"Uncommon",
    "amount":4
  },
  {
    "category":"Sniper Prismatic",
    "item":"Mail beta",
    "material":"Zinogre Deathly Shocker",
    "rarity":"Uncommon.4",
    "amount":3
  },
  {
    "category":"Sniper Prismatic",
    "item":"Mail beta",
    "material":"Odogaron Shard",
    "rarity":"Rare",
    "amount":2
  },
  {
    "category":"Sniper Prismatic",
    "item":"Mail beta",
    "material":"Zinogre Skymerald",
    "rarity":"Rare.3",
    "amount":3
  },
  {
    "category":"Sniper Prismatic",
    "item":"Vambraces and Greaves",
    "material":"Monster Essence",
    "rarity":"Common",
    "amount":5
  },
  {
    "category":"Sniper Prismatic",
    "item":"Vambraces and Greaves",
    "material":"Odogaron Hardfang",
    "rarity":"Uncommon.1",
    "amount":4
  },
  {
    "category":"Sniper Prismatic",
    "item":"Vambraces and Greaves",
    "material":"Odogaron Scale",
    "rarity":"Uncommon.2",
    "amount":4
  },
  {
    "category":"Sniper Prismatic",
    "item":"Vambraces and Greaves",
    "material":"Zinogre Electrofur",
    "rarity":"Uncommon.3",
    "amount":3
  },
  {
    "category":"Techies Base",
    "item":"Tank",
    "material":"Monster Essence",
    "rarity":"Common",
    "amount":6
  },
  {
    "category":"Techies Base",
    "item":"Tank",
    "material":"Monster Fur",
    "rarity":"Common.1",
    "amount":6
  },
  {
    "category":"Techies Base",
    "item":"Tank",
    "material":"Large Barrel",
    "rarity":"Uncommon.15",
    "amount":4
  },
  {
    "category":"Techies Base",
    "item":"Tank",
    "material":"Gunpowder",
    "rarity":"Uncommon.16",
    "amount":4
  },
  {
    "category":"Techies Base",
    "item":"Tank",
    "material":"Iron Ore",
    "rarity":"Uncommon.17",
    "amount":4
  },
  {
    "category":"Techies Base",
    "item":"Tank",
    "material":"Devils Blight",
    "rarity":"Rare.11",
    "amount":2
  },
  {
    "category":"Techies Base",
    "item":"Bomb",
    "material":"Large Barrel",
    "rarity":"Uncommon.15",
    "amount":4
  },
  {
    "category":"Techies Base",
    "item":"Bomb",
    "material":"Gunpowder",
    "rarity":"Uncommon.16",
    "amount":4
  },
  {
    "category":"Techies Base",
    "item":"Bomb",
    "material":"Iron Ore",
    "rarity":"Uncommon.17",
    "amount":4
  },
  {
    "category":"Techies Base",
    "item":"Bomb",
    "material":"Sinister Cloth",
    "rarity":"Rare.10",
    "amount":1
  },
  {
    "category":"Techies Base",
    "item":"Bomb",
    "material":"Devils Blight",
    "rarity":"Rare.11",
    "amount":1
  },
  {
    "category":"Techies Base",
    "item":"Sign",
    "material":"Monster Essence",
    "rarity":"Common",
    "amount":3
  },
  {
    "category":"Techies Base",
    "item":"Sign",
    "material":"Monster Fur",
    "rarity":"Common.1",
    "amount":5
  },
  {
    "category":"Techies Base",
    "item":"Sign",
    "material":"Large Barrel",
    "rarity":"Uncommon.15",
    "amount":3
  },
  {
    "category":"Techies Base",
    "item":"Sign",
    "material":"Iron Ore",
    "rarity":"Uncommon.17",
    "amount":4
  },
  {
    "category":"Techies Base",
    "item":"Sign",
    "material":"Sinister Cloth",
    "rarity":"Rare.10",
    "amount":1
  },
  {
    "category":"Techies Base",
    "item":"Disguise Spoon",
    "material":"Monster Fur",
    "rarity":"Common.1",
    "amount":5
  },
  {
    "category":"Techies Base",
    "item":"Disguise Spoon",
    "material":"Large Barrel",
    "rarity":"Uncommon.15",
    "amount":4
  },
  {
    "category":"Techies Base",
    "item":"Disguise Spoon",
    "material":"Gunpowder",
    "rarity":"Uncommon.16",
    "amount":3
  },
  {
    "category":"Techies Base",
    "item":"Disguise Spoon",
    "material":"Sinister Cloth",
    "rarity":"Rare.10",
    "amount":1
  },
  {
    "category":"Techies Base",
    "item":"Disguise Spleen",
    "material":"Monster Essence",
    "rarity":"Common",
    "amount":5
  },
  {
    "category":"Techies Base",
    "item":"Disguise Spleen",
    "material":"Gunpowder",
    "rarity":"Uncommon.16",
    "amount":3
  },
  {
    "category":"Techies Base",
    "item":"Disguise Spleen",
    "material":"Iron Ore",
    "rarity":"Uncommon.17",
    "amount":4
  },
  {
    "category":"Techies Base",
    "item":"Disguise Spleen",
    "material":"Sinister Cloth",
    "rarity":"Rare.10",
    "amount":1
  },
  {
    "category":"Techies Base",
    "item":"Disguise Squee",
    "material":"Monster Fur",
    "rarity":"Common.1",
    "amount":2
  },
  {
    "category":"Techies Base",
    "item":"Disguise Squee",
    "material":"Large Barrel",
    "rarity":"Uncommon.15",
    "amount":4
  },
  {
    "category":"Techies Base",
    "item":"Disguise Squee",
    "material":"Devils Blight",
    "rarity":"Rare.11",
    "amount":1
  },
  {
    "category":"Techies Base",
    "item":"Cannon",
    "material":"Monster Essence",
    "rarity":"Common",
    "amount":2
  },
  {
    "category":"Techies Posion",
    "item":"Tank",
    "material":"Monster Essence",
    "rarity":"Common",
    "amount":3
  },
  {
    "category":"Techies Posion",
    "item":"Tank",
    "material":"Large Barrel",
    "rarity":"Uncommon.15",
    "amount":3
  },
  {
    "category":"Techies Posion",
    "item":"Tank",
    "material":"Gunpowder",
    "rarity":"Uncommon.16",
    "amount":3
  },
  {
    "category":"Techies Posion",
    "item":"Tank",
    "material":"Iron Ore",
    "rarity":"Uncommon.17",
    "amount":3
  },
  {
    "category":"Techies Posion",
    "item":"Tank",
    "material":"Sinister Cloth",
    "rarity":"Rare.10",
    "amount":1
  },
  {
    "category":"Techies Posion",
    "item":"Tank",
    "material":"Devils Blight",
    "rarity":"Rare.11",
    "amount":1
  },
  {
    "category":"Techies Posion",
    "item":"Disguise Spoon",
    "material":"Monster Essence",
    "rarity":"Common",
    "amount":3
  },
  {
    "category":"Techies Posion",
    "item":"Disguise Spoon",
    "material":"Monster Fur",
    "rarity":"Common.1",
    "amount":3
  },
  {
    "category":"Techies Posion",
    "item":"Disguise Spoon",
    "material":"Large Barrel",
    "rarity":"Uncommon.15",
    "amount":3
  },
  {
    "category":"Techies Posion",
    "item":"Disguise Spoon",
    "material":"Iron Ore",
    "rarity":"Uncommon.17",
    "amount":3
  },
  {
    "category":"Techies Posion",
    "item":"Disguise Spleen",
    "material":"Monster Fur",
    "rarity":"Common.1",
    "amount":3
  },
  {
    "category":"Techies Posion",
    "item":"Disguise Spleen",
    "material":"Gunpowder",
    "rarity":"Uncommon.16",
    "amount":3
  },
  {
    "category":"Techies Posion",
    "item":"Disguise Spleen",
    "material":"Sinister Cloth",
    "rarity":"Rare.10",
    "amount":1
  },
  {
    "category":"Techies Posion",
    "item":"Disguise Squee",
    "material":"Monster Fur",
    "rarity":"Common.1",
    "amount":3
  },
  {
    "category":"Techies Posion",
    "item":"Disguise Squee",
    "material":"Iron Ore",
    "rarity":"Uncommon.17",
    "amount":3
  },
  {
    "category":"Techies Posion",
    "item":"Disguise Squee",
    "material":"Devils Blight",
    "rarity":"Rare.11",
    "amount":1
  },
  {
    "category":"Techies Posion",
    "item":"Cannon",
    "material":"Monster Essence",
    "rarity":"Common",
    "amount":3
  },
  {
    "category":"Techies Posion",
    "item":"Cannon",
    "material":"Large Barrel",
    "rarity":"Uncommon.15",
    "amount":3
  },
  {
    "category":"Techies Posion",
    "item":"Cannon",
    "material":"Gunpowder",
    "rarity":"Uncommon.16",
    "amount":3
  },
  {
    "category":"Techies Dire",
    "item":"Tank",
    "material":"Monster Essence",
    "rarity":"Common",
    "amount":4
  },
  {
    "category":"Techies Dire",
    "item":"Tank",
    "material":"Kirin Hide",
    "rarity":"Uncommon.10",
    "amount":2
  },
  {
    "category":"Techies Dire",
    "item":"Tank",
    "material":"Large Barrel",
    "rarity":"Uncommon.15",
    "amount":3
  },
  {
    "category":"Techies Dire",
    "item":"Tank",
    "material":"Gunpowder",
    "rarity":"Uncommon.16",
    "amount":3
  },
  {
    "category":"Techies Dire",
    "item":"Tank",
    "material":"Iron Ore",
    "rarity":"Uncommon.17",
    "amount":3
  },
  {
    "category":"Techies Dire",
    "item":"Tank",
    "material":"Sinister Cloth",
    "rarity":"Rare.10",
    "amount":2
  },
  {
    "category":"Techies Dire",
    "item":"Tank",
    "material":"Devils Blight",
    "rarity":"Rare.11",
    "amount":2
  },
  {
    "category":"Techies Dire",
    "item":"Disguise Spoon",
    "material":"Monster Essence",
    "rarity":"Common",
    "amount":4
  },
  {
    "category":"Techies Dire",
    "item":"Disguise Spoon",
    "material":"Monster Fur",
    "rarity":"Common.1",
    "amount":4
  },
  {
    "category":"Techies Dire",
    "item":"Disguise Spoon",
    "material":"Kirin Mane",
    "rarity":"Uncommon.11",
    "amount":2
  },
  {
    "category":"Techies Dire",
    "item":"Disguise Spoon",
    "material":"Large Barrel",
    "rarity":"Uncommon.15",
    "amount":3
  },
  {
    "category":"Techies Dire",
    "item":"Disguise Spoon",
    "material":"Iron Ore",
    "rarity":"Uncommon.17",
    "amount":3
  },
  {
    "category":"Techies Dire",
    "item":"Disguise Spoon",
    "material":"Sinister Cloth",
    "rarity":"Rare.10",
    "amount":2
  },
  {
    "category":"Techies Dire",
    "item":"Disguise Spleen",
    "material":"Monster Essence",
    "rarity":"Common",
    "amount":4
  },
  {
    "category":"Techies Dire",
    "item":"Disguise Spleen",
    "material":"Monster Fur",
    "rarity":"Common.1",
    "amount":4
  },
  {
    "category":"Techies Dire",
    "item":"Disguise Spleen",
    "material":"Kirin Thunderhorn",
    "rarity":"Uncommon.9",
    "amount":2
  },
  {
    "category":"Techies Dire",
    "item":"Disguise Spleen",
    "material":"Kirin Mane",
    "rarity":"Uncommon.11",
    "amount":2
  },
  {
    "category":"Techies Dire",
    "item":"Disguise Spleen",
    "material":"Ancient Bone",
    "rarity":"Uncommon.12",
    "amount":2
  },
  {
    "category":"Techies Dire",
    "item":"Disguise Spleen",
    "material":"Gunpowder",
    "rarity":"Uncommon.16",
    "amount":3
  },
  {
    "category":"Techies Dire",
    "item":"Disguise Spleen",
    "material":"Devils Blight",
    "rarity":"Rare.11",
    "amount":1
  },
  {
    "category":"Techies Dire",
    "item":"Disguise Squee",
    "material":"Monster Fur",
    "rarity":"Common.1",
    "amount":4
  },
  {
    "category":"Techies Dire",
    "item":"Disguise Squee",
    "material":"Kirin Hide",
    "rarity":"Uncommon.10",
    "amount":2
  },
  {
    "category":"Techies Dire",
    "item":"Disguise Squee",
    "material":"Iron Ore",
    "rarity":"Uncommon.17",
    "amount":3
  },
  {
    "category":"Techies Dire",
    "item":"Disguise Squee",
    "material":"Devils Blight",
    "rarity":"Rare.11",
    "amount":1
  },
  {
    "category":"Techies Dire",
    "item":"Cannon",
    "material":"Kirin Mane",
    "rarity":"Uncommon.11",
    "amount":2
  },
  {
    "category":"Techies Dire",
    "item":"Cannon",
    "material":"Large Barrel",
    "rarity":"Uncommon.15",
    "amount":3
  },
  {
    "category":"Techies Dire",
    "item":"Cannon",
    "material":"Gunpowder",
    "rarity":"Uncommon.16",
    "amount":3
  },
  {
    "category":"Techies Prismatic",
    "item":"Tank",
    "material":"Monster Essence",
    "rarity":"Common",
    "amount":5
  },
  {
    "category":"Techies Prismatic",
    "item":"Tank",
    "material":"Kirin Hide",
    "rarity":"Uncommon.10",
    "amount":4
  },
  {
    "category":"Techies Prismatic",
    "item":"Tank",
    "material":"Large Barrel",
    "rarity":"Uncommon.15",
    "amount":5
  },
  {
    "category":"Techies Prismatic",
    "item":"Tank",
    "material":"Gunpowder",
    "rarity":"Uncommon.16",
    "amount":5
  },
  {
    "category":"Techies Prismatic",
    "item":"Tank",
    "material":"Iron Ore",
    "rarity":"Uncommon.17",
    "amount":5
  },
  {
    "category":"Techies Prismatic",
    "item":"Tank",
    "material":"Sinister Cloth",
    "rarity":"Rare.10",
    "amount":3
  },
  {
    "category":"Techies Prismatic",
    "item":"Tank",
    "material":"Devils Blight",
    "rarity":"Rare.11",
    "amount":2
  },
  {
    "category":"Techies Prismatic",
    "item":"Tank",
    "material":"Prismatic Pigment",
    "rarity":"Super Rare.2",
    "amount":1
  },
  {
    "category":"Techies Prismatic",
    "item":"Disguise Spoon",
    "material":"Monster Essence",
    "rarity":"Common",
    "amount":5
  },
  {
    "category":"Techies Prismatic",
    "item":"Disguise Spoon",
    "material":"Monster Fur",
    "rarity":"Common.1",
    "amount":5
  },
  {
    "category":"Techies Prismatic",
    "item":"Disguise Spoon",
    "material":"Kirin Mane",
    "rarity":"Uncommon.11",
    "amount":4
  },
  {
    "category":"Techies Prismatic",
    "item":"Disguise Spoon",
    "material":"Large Barrel",
    "rarity":"Uncommon.15",
    "amount":5
  },
  {
    "category":"Techies Prismatic",
    "item":"Disguise Spoon",
    "material":"Iron Ore",
    "rarity":"Uncommon.17",
    "amount":5
  },
  {
    "category":"Techies Prismatic",
    "item":"Disguise Spoon",
    "material":"Sinister Cloth",
    "rarity":"Rare.10",
    "amount":3
  },
  {
    "category":"Techies Prismatic",
    "item":"Disguise Spoon",
    "material":"Prismatic Pigment",
    "rarity":"Super Rare.2",
    "amount":1
  },
  {
    "category":"Techies Prismatic",
    "item":"Disguise Spleen",
    "material":"Monster Essence",
    "rarity":"Common",
    "amount":5
  },
  {
    "category":"Techies Prismatic",
    "item":"Disguise Spleen",
    "material":"Monster Fur",
    "rarity":"Common.1",
    "amount":5
  },
  {
    "category":"Techies Prismatic",
    "item":"Disguise Spleen",
    "material":"Kirin Thunderhorn",
    "rarity":"Uncommon.9",
    "amount":4
  },
  {
    "category":"Techies Prismatic",
    "item":"Disguise Spleen",
    "material":"Kirin Mane",
    "rarity":"Uncommon.11",
    "amount":4
  },
  {
    "category":"Techies Prismatic",
    "item":"Disguise Spleen",
    "material":"Gunpowder",
    "rarity":"Uncommon.16",
    "amount":5
  },
  {
    "category":"Techies Prismatic",
    "item":"Disguise Spleen",
    "material":"Kirin Azure Horn",
    "rarity":"Rare.6",
    "amount":3
  },
  {
    "category":"Techies Prismatic",
    "item":"Disguise Spleen",
    "material":"Devils Blight",
    "rarity":"Rare.11",
    "amount":2
  },
  {
    "category":"Techies Prismatic",
    "item":"Disguise Squee",
    "material":"Monster Fur",
    "rarity":"Common.1",
    "amount":5
  },
  {
    "category":"Techies Prismatic",
    "item":"Disguise Squee",
    "material":"Kirin Hide",
    "rarity":"Uncommon.10",
    "amount":4
  },
  {
    "category":"Techies Prismatic",
    "item":"Disguise Squee",
    "material":"Iron Ore",
    "rarity":"Uncommon.17",
    "amount":5
  },
  {
    "category":"Techies Prismatic",
    "item":"Disguise Squee",
    "material":"Large Elder Dragon Gem",
    "rarity":"Rare.7",
    "amount":3
  },
  {
    "category":"Techies Prismatic",
    "item":"Disguise Squee",
    "material":"Devils Blight",
    "rarity":"Rare.11",
    "amount":2
  },
  {
    "category":"Techies Prismatic",
    "item":"Cannon",
    "material":"Kirin Mane",
    "rarity":"Uncommon.11",
    "amount":4
  },
  {
    "category":"Techies Prismatic",
    "item":"Cannon",
    "material":"Large Barrel",
    "rarity":"Uncommon.15",
    "amount":5
  },
  {
    "category":"Techies Prismatic",
    "item":"Cannon",
    "material":"Gunpowder",
    "rarity":"Uncommon.16",
    "amount":5
  },
  {
    "category":"AntiMage Base",
    "item":"Jacket and Hoop",
    "material":"Monster Fur",
    "rarity":"Common.1",
    "amount":6
  },
  {
    "category":"AntiMage Base",
    "item":"Jacket and Hoop",
    "material":"Monster Claws",
    "rarity":"Common.2",
    "amount":6
  },
  {
    "category":"AntiMage Base",
    "item":"Jacket and Hoop",
    "material":"Kirin Hide",
    "rarity":"Uncommon.10",
    "amount":4
  },
  {
    "category":"AntiMage Base",
    "item":"Jacket and Hoop",
    "material":"Kirin Mane",
    "rarity":"Uncommon.11",
    "amount":4
  },
  {
    "category":"AntiMage Base",
    "item":"Jacket and Hoop",
    "material":"Large Elder Dragon Gem",
    "rarity":"Rare.7",
    "amount":2
  },
  {
    "category":"AntiMage Base",
    "item":"Blade",
    "material":"Monster Fur",
    "rarity":"Common.1",
    "amount":5
  },
  {
    "category":"AntiMage Base",
    "item":"Blade",
    "material":"Kirin Thunderhorn",
    "rarity":"Uncommon.9",
    "amount":3
  },
  {
    "category":"AntiMage Base",
    "item":"Blade",
    "material":"Kirin Mane",
    "rarity":"Uncommon.11",
    "amount":3
  },
  {
    "category":"AntiMage Base",
    "item":"Blade",
    "material":"Kirin Azure Horn",
    "rarity":"Rare.6",
    "amount":2
  },
  {
    "category":"AntiMage Base",
    "item":"Blade Offhand",
    "material":"Monster Claws",
    "rarity":"Common.2",
    "amount":5
  },
  {
    "category":"AntiMage Base",
    "item":"Blade Offhand",
    "material":"Kirin Hide",
    "rarity":"Uncommon.10",
    "amount":3
  },
  {
    "category":"AntiMage Base",
    "item":"Blade Offhand",
    "material":"Kirin Mane",
    "rarity":"Uncommon.11",
    "amount":3
  },
  {
    "category":"AntiMage Base",
    "item":"Blade Offhand",
    "material":"Kirin Azure Horn",
    "rarity":"Rare.6",
    "amount":2
  },
  {
    "category":"AntiMage Base",
    "item":"Horn",
    "material":"Monster Fur",
    "rarity":"Common.1",
    "amount":5
  },
  {
    "category":"AntiMage Base",
    "item":"Horn",
    "material":"Monster Claws",
    "rarity":"Common.2",
    "amount":5
  },
  {
    "category":"AntiMage Base",
    "item":"Horn",
    "material":"Kirin Thunderhorn",
    "rarity":"Uncommon.9",
    "amount":2
  },
  {
    "category":"AntiMage Base",
    "item":"Horn",
    "material":"Large Elder Dragon Gem",
    "rarity":"Rare.7",
    "amount":2
  },
  {
    "category":"AntiMage Base",
    "item":"Path",
    "material":"Kirin Thunderhorn",
    "rarity":"Uncommon.9",
    "amount":2
  },
  {
    "category":"AntiMage Base",
    "item":"Path",
    "material":"Kirin Hide",
    "rarity":"Uncommon.10",
    "amount":2
  },
  {
    "category":"AntiMage Base",
    "item":"Path",
    "material":"Kirin Mane",
    "rarity":"Uncommon.11",
    "amount":2
  },
  {
    "category":"AntiMage IceWrack",
    "item":"Jacket and Hoop",
    "material":"Monster Fur",
    "rarity":"Common.1",
    "amount":3
  },
  {
    "category":"AntiMage IceWrack",
    "item":"Jacket and Hoop",
    "material":"Monster Claws",
    "rarity":"Common.2",
    "amount":3
  },
  {
    "category":"AntiMage IceWrack",
    "item":"Jacket and Hoop",
    "material":"Kirin Hide",
    "rarity":"Uncommon.10",
    "amount":3
  },
  {
    "category":"AntiMage IceWrack",
    "item":"Jacket and Hoop",
    "material":"Kirin Mane",
    "rarity":"Uncommon.11",
    "amount":3
  },
  {
    "category":"AntiMage IceWrack",
    "item":"Blade",
    "material":"Monster Fur",
    "rarity":"Common.1",
    "amount":3
  },
  {
    "category":"AntiMage IceWrack",
    "item":"Blade",
    "material":"Kirin Thunderhorn",
    "rarity":"Uncommon.9",
    "amount":3
  },
  {
    "category":"AntiMage IceWrack",
    "item":"Blade",
    "material":"Kirin Mane",
    "rarity":"Uncommon.11",
    "amount":3
  },
  {
    "category":"AntiMage IceWrack",
    "item":"Blade",
    "material":"Kirin Azure Horn",
    "rarity":"Rare.6",
    "amount":1
  },
  {
    "category":"AntiMage IceWrack",
    "item":"Blade",
    "material":"Large Elder Dragon Gem",
    "rarity":"Rare.7",
    "amount":2
  },
  {
    "category":"AntiMage IceWrack",
    "item":"Blade Offhand",
    "material":"Monster Claws",
    "rarity":"Common.2",
    "amount":3
  },
  {
    "category":"AntiMage IceWrack",
    "item":"Blade Offhand",
    "material":"Kirin Thunderhorn",
    "rarity":"Uncommon.9",
    "amount":3
  },
  {
    "category":"AntiMage IceWrack",
    "item":"Blade Offhand",
    "material":"Kirin Hide",
    "rarity":"Uncommon.10",
    "amount":3
  },
  {
    "category":"AntiMage IceWrack",
    "item":"Blade Offhand",
    "material":"Kirin Azure Horn",
    "rarity":"Rare.6",
    "amount":1
  },
  {
    "category":"AntiMage IceWrack",
    "item":"Horn",
    "material":"Kirin Thunderhorn",
    "rarity":"Uncommon.9",
    "amount":3
  },
  {
    "category":"AntiMage Golden",
    "item":"Jacket and Hoop",
    "material":"Monster Fur",
    "rarity":"Common.1",
    "amount":4
  },
  {
    "category":"AntiMage Golden",
    "item":"Jacket and Hoop",
    "material":"Monster Claws",
    "rarity":"Common.2",
    "amount":4
  },
  {
    "category":"AntiMage Golden",
    "item":"Jacket and Hoop",
    "material":"Rathalos Carapace",
    "rarity":"Uncommon.6",
    "amount":4
  },
  {
    "category":"AntiMage Golden",
    "item":"Jacket and Hoop",
    "material":"Kirin Hide",
    "rarity":"Uncommon.10",
    "amount":3
  },
  {
    "category":"AntiMage Golden",
    "item":"Jacket and Hoop",
    "material":"Kirin Mane",
    "rarity":"Uncommon.11",
    "amount":3
  },
  {
    "category":"AntiMage Golden",
    "item":"Jacket and Hoop",
    "material":"Large Elder Dragon Gem",
    "rarity":"Rare.7",
    "amount":2
  },
  {
    "category":"AntiMage Golden",
    "item":"Blade",
    "material":"Monster Fur",
    "rarity":"Common.1",
    "amount":4
  },
  {
    "category":"AntiMage Golden",
    "item":"Blade",
    "material":"Rathalos Tail",
    "rarity":"Uncommon.8",
    "amount":4
  },
  {
    "category":"AntiMage Golden",
    "item":"Blade",
    "material":"Kirin Thunderhorn",
    "rarity":"Uncommon.9",
    "amount":3
  },
  {
    "category":"AntiMage Golden",
    "item":"Blade",
    "material":"Kirin Hide",
    "rarity":"Uncommon.10",
    "amount":3
  },
  {
    "category":"AntiMage Golden",
    "item":"Blade",
    "material":"Kirin Azure Horn",
    "rarity":"Rare.6",
    "amount":1
  },
  {
    "category":"AntiMage Golden",
    "item":"Blade Offhand",
    "material":"Monster Claws",
    "rarity":"Common.2",
    "amount":4
  },
  {
    "category":"AntiMage Golden",
    "item":"Blade Offhand",
    "material":"Rathalos Wings",
    "rarity":"Uncommon.7",
    "amount":4
  },
  {
    "category":"AntiMage Golden",
    "item":"Blade Offhand",
    "material":"Kirin Thunderhorn",
    "rarity":"Uncommon.9",
    "amount":3
  },
  {
    "category":"AntiMage Golden",
    "item":"Blade Offhand",
    "material":"Kirin Hide",
    "rarity":"Uncommon.10",
    "amount":3
  },
  {
    "category":"AntiMage Golden",
    "item":"Blade Offhand",
    "material":"Kirin Azure Horn",
    "rarity":"Rare.6",
    "amount":1
  },
  {
    "category":"AntiMage Golden",
    "item":"Horn",
    "material":"Kirin Thunderhorn",
    "rarity":"Uncommon.9",
    "amount":4
  },
  {
    "category":"AntiMage Golden",
    "item":"Horn",
    "material":"Kirin Azure Horn",
    "rarity":"Rare.6",
    "amount":1
  },
  {
    "category":"AntiMage Golden",
    "item":"Horn",
    "material":"Large Elder Dragon Gem",
    "rarity":"Rare.7",
    "amount":1
  },
  {
    "category":"AntiMage Prismatic",
    "item":"Jacket and Hoop",
    "material":"Monster Fur",
    "rarity":"Common.1",
    "amount":10
  },
  {
    "category":"AntiMage Prismatic",
    "item":"Jacket and Hoop",
    "material":"Monster Claws",
    "rarity":"Common.2",
    "amount":5
  },
  {
    "category":"AntiMage Prismatic",
    "item":"Jacket and Hoop",
    "material":"Rathalos Carapace",
    "rarity":"Uncommon.6",
    "amount":6
  },
  {
    "category":"AntiMage Prismatic",
    "item":"Jacket and Hoop",
    "material":"Kirin Hide",
    "rarity":"Uncommon.10",
    "amount":4
  },
  {
    "category":"AntiMage Prismatic",
    "item":"Jacket and Hoop",
    "material":"Kirin Mane",
    "rarity":"Uncommon.11",
    "amount":4
  },
  {
    "category":"AntiMage Prismatic",
    "item":"Jacket and Hoop",
    "material":"Rathalos Ruby",
    "rarity":"Rare.4",
    "amount":2
  },
  {
    "category":"AntiMage Prismatic",
    "item":"Jacket and Hoop",
    "material":"Large Elder Dragon Gem",
    "rarity":"Rare.7",
    "amount":4
  },
  {
    "category":"AntiMage Prismatic",
    "item":"Blade",
    "material":"Monster Fur",
    "rarity":"Common.1",
    "amount":5
  },
  {
    "category":"AntiMage Prismatic",
    "item":"Blade",
    "material":"Rathalos Tail",
    "rarity":"Uncommon.8",
    "amount":6
  },
  {
    "category":"AntiMage Prismatic",
    "item":"Blade",
    "material":"Kirin Thunderhorn",
    "rarity":"Uncommon.9",
    "amount":4
  },
  {
    "category":"AntiMage Prismatic",
    "item":"Blade",
    "material":"Kirin Mane",
    "rarity":"Uncommon.11",
    "amount":4
  },
  {
    "category":"AntiMage Prismatic",
    "item":"Blade",
    "material":"Kirin Azure Horn",
    "rarity":"Rare.6",
    "amount":2
  },
  {
    "category":"AntiMage Prismatic",
    "item":"Blade",
    "material":"Prismatic Pigment",
    "rarity":"Super Rare.2",
    "amount":1
  },
  {
    "category":"AntiMage Prismatic",
    "item":"Blade Offhand",
    "material":"Monster Claws",
    "rarity":"Common.2",
    "amount":5
  },
  {
    "category":"AntiMage Prismatic",
    "item":"Blade Offhand",
    "material":"Rathalos Wings",
    "rarity":"Uncommon.7",
    "amount":6
  },
  {
    "category":"AntiMage Prismatic",
    "item":"Blade Offhand",
    "material":"Kirin Thunderhorn",
    "rarity":"Uncommon.9",
    "amount":4
  },
  {
    "category":"AntiMage Prismatic",
    "item":"Blade Offhand",
    "material":"Kirin Hide",
    "rarity":"Uncommon.10",
    "amount":4
  },
  {
    "category":"AntiMage Prismatic",
    "item":"Blade Offhand",
    "material":"Kirin Azure Horn",
    "rarity":"Rare.6",
    "amount":2
  },
  {
    "category":"AntiMage Prismatic",
    "item":"Blade Offhand",
    "material":"Prismatic Pigment",
    "rarity":"Super Rare.2",
    "amount":1
  },
  {
    "category":"AntiMage Prismatic",
    "item":"Horn",
    "material":"Monster Claws",
    "rarity":"Common.2",
    "amount":5
  },
  {
    "category":"AntiMage Prismatic",
    "item":"Horn",
    "material":"Kirin Thunderhorn",
    "rarity":"Uncommon.9",
    "amount":4
  },
  {
    "category":"AntiMage Prismatic",
    "item":"Horn",
    "material":"Rathalos Plate",
    "rarity":"Rare.5",
    "amount":2
  },
  {
    "category":"AntiMage Prismatic",
    "item":"Horn",
    "material":"Kirin Azure Horn",
    "rarity":"Rare.6",
    "amount":2
  },
  {
    "category":"AntiMage Prismatic",
    "item":"Horn",
    "material":"Large Elder Dragon Gem",
    "rarity":"Rare.7",
    "amount":2
  },
  {
    "category":"DragonKnight Base",
    "item":"Sword",
    "material":"Monster Essence",
    "rarity":"Common",
    "amount":6
  },
  {
    "category":"DragonKnight Base",
    "item":"Sword",
    "material":"Monster Claws",
    "rarity":"Common.2",
    "amount":6
  },
  {
    "category":"DragonKnight Base",
    "item":"Sword",
    "material":"Rathalos Wings",
    "rarity":"Uncommon.7",
    "amount":4
  },
  {
    "category":"DragonKnight Base",
    "item":"Sword",
    "material":"Rathalos Tail",
    "rarity":"Uncommon.8",
    "amount":4
  },
  {
    "category":"DragonKnight Base",
    "item":"Sword",
    "material":"Rathalos Ruby",
    "rarity":"Rare.4",
    "amount":2
  },
  {
    "category":"DragonKnight Base",
    "item":"Sword",
    "material":"Rathalos Plate",
    "rarity":"Rare.5",
    "amount":2
  },
  {
    "category":"DragonKnight Base",
    "item":"Shield",
    "material":"Monster Essence",
    "rarity":"Common",
    "amount":6
  },
  {
    "category":"DragonKnight Base",
    "item":"Shield",
    "material":"Monster Claws",
    "rarity":"Common.2",
    "amount":6
  },
  {
    "category":"DragonKnight Base",
    "item":"Shield",
    "material":"Rathalos Carapace",
    "rarity":"Uncommon.6",
    "amount":3
  },
  {
    "category":"DragonKnight Base",
    "item":"Shield",
    "material":"Rathalos Wings",
    "rarity":"Uncommon.7",
    "amount":4
  },
  {
    "category":"DragonKnight Base",
    "item":"Shield",
    "material":"Rathalos Tail",
    "rarity":"Uncommon.8",
    "amount":4
  },
  {
    "category":"DragonKnight Base",
    "item":"Rathalos Mail",
    "material":"Monster Essence",
    "rarity":"Common",
    "amount":5
  },
  {
    "category":"DragonKnight Base",
    "item":"Rathalos Mail",
    "material":"Monster Claws",
    "rarity":"Common.2",
    "amount":5
  },
  {
    "category":"DragonKnight Base",
    "item":"Rathalos Mail",
    "material":"Rathalos Carapace",
    "rarity":"Uncommon.6",
    "amount":3
  },
  {
    "category":"DragonKnight Base",
    "item":"Rathalos Mail",
    "material":"Rathalos Plate",
    "rarity":"Rare.5",
    "amount":2
  },
  {
    "category":"DragonKnight Base",
    "item":"Rathalos Helm",
    "material":"Rathalos Wings",
    "rarity":"Uncommon.7",
    "amount":3
  },
  {
    "category":"DragonKnight Base",
    "item":"Rathalos Helm",
    "material":"Rathalos Tail",
    "rarity":"Uncommon.8",
    "amount":3
  },
  {
    "category":"DragonKnight Base",
    "item":"Rathalos Helm",
    "material":"Rathalos Ruby",
    "rarity":"Rare.4",
    "amount":2
  },
  {
    "category":"DragonKnight Base",
    "item":"Coils and Greaves",
    "material":"Monster Essence",
    "rarity":"Common",
    "amount":5
  },
  {
    "category":"DragonKnight Base",
    "item":"Coils and Greaves",
    "material":"Rathalos Carapace",
    "rarity":"Uncommon.6",
    "amount":4
  },
  {
    "category":"DragonKnight Base",
    "item":"Braces",
    "material":"Monster Claws",
    "rarity":"Common.2",
    "amount":2
  },
  {
    "category":"DragonKnight Imperium",
    "item":"Sword",
    "material":"Monster Essence",
    "rarity":"Common",
    "amount":4
  },
  {
    "category":"DragonKnight Imperium",
    "item":"Sword",
    "material":"Monster Claws",
    "rarity":"Common.2",
    "amount":4
  },
  {
    "category":"DragonKnight Imperium",
    "item":"Sword",
    "material":"Rathalos Wings",
    "rarity":"Uncommon.7",
    "amount":3
  },
  {
    "category":"DragonKnight Imperium",
    "item":"Sword",
    "material":"Rathalos Tail",
    "rarity":"Uncommon.8",
    "amount":3
  },
  {
    "category":"DragonKnight Imperium",
    "item":"Sword",
    "material":"Rathalos Plate",
    "rarity":"Rare.5",
    "amount":1
  },
  {
    "category":"DragonKnight Imperium",
    "item":"Shield",
    "material":"Monster Essence",
    "rarity":"Common",
    "amount":4
  },
  {
    "category":"DragonKnight Imperium",
    "item":"Shield",
    "material":"Monster Claws",
    "rarity":"Common.2",
    "amount":4
  },
  {
    "category":"DragonKnight Imperium",
    "item":"Shield",
    "material":"Rathalos Carapace",
    "rarity":"Uncommon.6",
    "amount":3
  },
  {
    "category":"DragonKnight Imperium",
    "item":"Shield",
    "material":"Rathalos Ruby",
    "rarity":"Rare.4",
    "amount":1
  },
  {
    "category":"DragonKnight Imperium",
    "item":"Rathalos Mail",
    "material":"Monster Claws",
    "rarity":"Common.2",
    "amount":4
  },
  {
    "category":"DragonKnight Imperium",
    "item":"Rathalos Mail",
    "material":"Rathalos Carapace",
    "rarity":"Uncommon.6",
    "amount":3
  },
  {
    "category":"DragonKnight Imperium",
    "item":"Rathalos Mail",
    "material":"Rathalos Tail",
    "rarity":"Uncommon.8",
    "amount":3
  },
  {
    "category":"DragonKnight Imperium",
    "item":"Rathalos Mail",
    "material":"Rathalos Plate",
    "rarity":"Rare.5",
    "amount":1
  },
  {
    "category":"DragonKnight Imperium",
    "item":"Rathalos Helm",
    "material":"Rathalos Wings",
    "rarity":"Uncommon.7",
    "amount":3
  },
  {
    "category":"DragonKnight Imperium",
    "item":"Rathalos Helm",
    "material":"Rathalos Ruby",
    "rarity":"Rare.4",
    "amount":1
  },
  {
    "category":"DragonKnight Imperium",
    "item":"Coils and Greaves",
    "material":"Monster Essence",
    "rarity":"Common",
    "amount":4
  },
  {
    "category":"DragonKnight Imperium",
    "item":"Coils and Greaves",
    "material":"Rathalos Wings",
    "rarity":"Uncommon.7",
    "amount":3
  },
  {
    "category":"DragonKnight Imperium",
    "item":"Braces",
    "material":"Rathalos Carapace",
    "rarity":"Uncommon.6",
    "amount":3
  },
  {
    "category":"DragonKnight Deep Valut",
    "item":"Sword",
    "material":"Monster Essence",
    "rarity":"Common",
    "amount":3
  },
  {
    "category":"DragonKnight Deep Valut",
    "item":"Sword",
    "material":"Monster Claws",
    "rarity":"Common.2",
    "amount":3
  },
  {
    "category":"DragonKnight Deep Valut",
    "item":"Sword",
    "material":"Rathalos Wings",
    "rarity":"Uncommon.7",
    "amount":3
  },
  {
    "category":"DragonKnight Deep Valut",
    "item":"Sword",
    "material":"Rathalos Tail",
    "rarity":"Uncommon.8",
    "amount":3
  },
  {
    "category":"DragonKnight Deep Valut",
    "item":"Sword",
    "material":"Bullfango Head",
    "rarity":"Uncommon.14",
    "amount":2
  },
  {
    "category":"DragonKnight Deep Valut",
    "item":"Sword",
    "material":"Rathalos Ruby",
    "rarity":"Rare.4",
    "amount":2
  },
  {
    "category":"DragonKnight Deep Valut",
    "item":"Sword",
    "material":"Rathalos Plate",
    "rarity":"Rare.5",
    "amount":2
  },
  {
    "category":"DragonKnight Deep Valut",
    "item":"Shield",
    "material":"Monster Essence",
    "rarity":"Common",
    "amount":3
  },
  {
    "category":"DragonKnight Deep Valut",
    "item":"Shield",
    "material":"Monster Claws",
    "rarity":"Common.2",
    "amount":3
  },
  {
    "category":"DragonKnight Deep Valut",
    "item":"Shield",
    "material":"Rathalos Carapace",
    "rarity":"Uncommon.6",
    "amount":3
  },
  {
    "category":"DragonKnight Deep Valut",
    "item":"Shield",
    "material":"Rathalos Wings",
    "rarity":"Uncommon.7",
    "amount":3
  },
  {
    "category":"DragonKnight Deep Valut",
    "item":"Shield",
    "material":"Rathalos Tail",
    "rarity":"Uncommon.8",
    "amount":3
  },
  {
    "category":"DragonKnight Deep Valut",
    "item":"Shield",
    "material":"Kestodon Shell",
    "rarity":"Uncommon.13",
    "amount":2
  },
  {
    "category":"DragonKnight Deep Valut",
    "item":"Rathalos Mail",
    "material":"Monster Essence",
    "rarity":"Common",
    "amount":3
  },
  {
    "category":"DragonKnight Deep Valut",
    "item":"Rathalos Mail",
    "material":"Monster Claws",
    "rarity":"Common.2",
    "amount":3
  },
  {
    "category":"DragonKnight Deep Valut",
    "item":"Rathalos Mail",
    "material":"Rathalos Carapace",
    "rarity":"Uncommon.6",
    "amount":3
  },
  {
    "category":"DragonKnight Deep Valut",
    "item":"Rathalos Mail",
    "material":"Kestodon Shell",
    "rarity":"Uncommon.13",
    "amount":2
  },
  {
    "category":"DragonKnight Deep Valut",
    "item":"Rathalos Mail",
    "material":"Rathalos Plate",
    "rarity":"Rare.5",
    "amount":2
  },
  {
    "category":"DragonKnight Deep Valut",
    "item":"Rathalos Helm",
    "material":"Rathalos Wings",
    "rarity":"Uncommon.7",
    "amount":3
  },
  {
    "category":"DragonKnight Deep Valut",
    "item":"Rathalos Helm",
    "material":"Rathalos Tail",
    "rarity":"Uncommon.8",
    "amount":3
  },
  {
    "category":"DragonKnight Deep Valut",
    "item":"Rathalos Helm",
    "material":"Ancient Bone",
    "rarity":"Uncommon.12",
    "amount":2
  },
  {
    "category":"DragonKnight Deep Valut",
    "item":"Rathalos Helm",
    "material":"Rathalos Ruby",
    "rarity":"Rare.4",
    "amount":2
  },
  {
    "category":"DragonKnight Deep Valut",
    "item":"Coils and Greaves",
    "material":"Monster Essence",
    "rarity":"Common",
    "amount":3
  },
  {
    "category":"DragonKnight Deep Valut",
    "item":"Coils and Greaves",
    "material":"Rathalos Wings",
    "rarity":"Uncommon.7",
    "amount":3
  },
  {
    "category":"DragonKnight Deep Valut",
    "item":"Coils and Greaves",
    "material":"Bullfango Head",
    "rarity":"Uncommon.14",
    "amount":2
  },
  {
    "category":"DragonKnight Deep Valut",
    "item":"Braces",
    "material":"Rathalos Carapace",
    "rarity":"Uncommon.6",
    "amount":5
  },
  {
    "category":"DragonKnight Deep Valut",
    "item":"Braces",
    "material":"Ancient Bone",
    "rarity":"Uncommon.12",
    "amount":2
  },
  {
    "category":"DragonKnight Prismatic",
    "item":"Sword",
    "material":"Monster Essence",
    "rarity":"Common",
    "amount":5
  },
  {
    "category":"DragonKnight Prismatic",
    "item":"Sword",
    "material":"Monster Claws",
    "rarity":"Common.2",
    "amount":5
  },
  {
    "category":"DragonKnight Prismatic",
    "item":"Sword",
    "material":"Rathalos Wings",
    "rarity":"Uncommon.7",
    "amount":4
  },
  {
    "category":"DragonKnight Prismatic",
    "item":"Sword",
    "material":"Rathalos Tail",
    "rarity":"Uncommon.8",
    "amount":4
  },
  {
    "category":"DragonKnight Prismatic",
    "item":"Sword",
    "material":"Bullfango Head",
    "rarity":"Uncommon.14",
    "amount":4
  },
  {
    "category":"DragonKnight Prismatic",
    "item":"Sword",
    "material":"Rathalos Ruby",
    "rarity":"Rare.4",
    "amount":2
  },
  {
    "category":"DragonKnight Prismatic",
    "item":"Sword",
    "material":"Rathalos Plate",
    "rarity":"Rare.5",
    "amount":4
  },
  {
    "category":"DragonKnight Prismatic",
    "item":"Sword",
    "material":"Prismatic Pigment",
    "rarity":"Super Rare.2",
    "amount":1
  },
  {
    "category":"DragonKnight Prismatic",
    "item":"Shield",
    "material":"Monster Essence",
    "rarity":"Common",
    "amount":5
  },
  {
    "category":"DragonKnight Prismatic",
    "item":"Shield",
    "material":"Monster Claws",
    "rarity":"Common.2",
    "amount":5
  },
  {
    "category":"DragonKnight Prismatic",
    "item":"Shield",
    "material":"Rathalos Carapace",
    "rarity":"Uncommon.6",
    "amount":4
  },
  {
    "category":"DragonKnight Prismatic",
    "item":"Shield",
    "material":"Rathalos Wings",
    "rarity":"Uncommon.7",
    "amount":4
  },
  {
    "category":"DragonKnight Prismatic",
    "item":"Shield",
    "material":"Rathalos Tail",
    "rarity":"Uncommon.8",
    "amount":4
  },
  {
    "category":"DragonKnight Prismatic",
    "item":"Shield",
    "material":"Kestodon Shell",
    "rarity":"Uncommon.13",
    "amount":4
  },
  {
    "category":"DragonKnight Prismatic",
    "item":"Shield",
    "material":"Prismatic Pigment",
    "rarity":"Super Rare.2",
    "amount":1
  },
  {
    "category":"DragonKnight Prismatic",
    "item":"Rathalos Mail",
    "material":"Monster Essence",
    "rarity":"Common",
    "amount":5
  },
  {
    "category":"DragonKnight Prismatic",
    "item":"Rathalos Mail",
    "material":"Monster Claws",
    "rarity":"Common.2",
    "amount":5
  },
  {
    "category":"DragonKnight Prismatic",
    "item":"Rathalos Mail",
    "material":"Rathalos Carapace",
    "rarity":"Uncommon.6",
    "amount":4
  },
  {
    "category":"DragonKnight Prismatic",
    "item":"Rathalos Mail",
    "material":"Kestodon Shell",
    "rarity":"Uncommon.13",
    "amount":4
  },
  {
    "category":"DragonKnight Prismatic",
    "item":"Rathalos Mail",
    "material":"Rathalos Plate",
    "rarity":"Rare.5",
    "amount":2
  },
  {
    "category":"DragonKnight Prismatic",
    "item":"Rathalos Helm",
    "material":"Rathalos Wings",
    "rarity":"Uncommon.7",
    "amount":4
  },
  {
    "category":"DragonKnight Prismatic",
    "item":"Rathalos Helm",
    "material":"Rathalos Tail",
    "rarity":"Uncommon.8",
    "amount":4
  },
  {
    "category":"DragonKnight Prismatic",
    "item":"Rathalos Helm",
    "material":"Ancient Bone",
    "rarity":"Uncommon.12",
    "amount":4
  },
  {
    "category":"DragonKnight Prismatic",
    "item":"Rathalos Helm",
    "material":"Rathalos Ruby",
    "rarity":"Rare.4",
    "amount":4
  },
  {
    "category":"DragonKnight Prismatic",
    "item":"Coils and Greaves",
    "material":"Monster Essence",
    "rarity":"Common",
    "amount":5
  },
  {
    "category":"DragonKnight Prismatic",
    "item":"Coils and Greaves",
    "material":"Rathalos Wings",
    "rarity":"Uncommon.7",
    "amount":4
  },
  {
    "category":"DragonKnight Prismatic",
    "item":"Coils and Greaves",
    "material":"Bullfango Head",
    "rarity":"Uncommon.14",
    "amount":4
  },
  {
    "category":"DragonKnight Prismatic",
    "item":"Coils and Greaves",
    "material":"Warped Bone",
    "rarity":"Rare.9",
    "amount":2
  },
  {
    "category":"DragonKnight Prismatic",
    "item":"Braces",
    "material":"Rathalos Carapace",
    "rarity":"Uncommon.6",
    "amount":6
  },
  {
    "category":"DragonKnight Prismatic",
    "item":"Braces",
    "material":"Ancient Bone",
    "rarity":"Uncommon.12",
    "amount":4
  },
  {
    "category":"DragonKnight Prismatic",
    "item":"Braces",
    "material":"Wyvern Gem",
    "rarity":"Rare.8",
    "amount":2
  },
  {
    "category":"BeastMaster Base",
    "item":"ChainBlade",
    "material":"Monster Claws",
    "rarity":"Common.2",
    "amount":5
  },
  {
    "category":"BeastMaster Base",
    "item":"ChainBlade",
    "material":"Odogaron Sinew",
    "rarity":"Uncommon",
    "amount":3
  },
  {
    "category":"BeastMaster Base",
    "item":"ChainBlade",
    "material":"Odogaron Hardfang",
    "rarity":"Uncommon.1",
    "amount":3
  },
  {
    "category":"BeastMaster Base",
    "item":"ChainBlade",
    "material":"Odogaron Scale",
    "rarity":"Uncommon.2",
    "amount":3
  },
  {
    "category":"BeastMaster Base",
    "item":"ChainBlade",
    "material":"Wyvern Gem",
    "rarity":"Rare.8",
    "amount":2
  },
  {
    "category":"BeastMaster Base",
    "item":"Bone Helm",
    "material":"Monster Essence",
    "rarity":"Common",
    "amount":6
  },
  {
    "category":"BeastMaster Base",
    "item":"Bone Helm",
    "material":"Ancient Bone",
    "rarity":"Uncommon.12",
    "amount":4
  },
  {
    "category":"BeastMaster Base",
    "item":"Bone Helm",
    "material":"Kestodon Shell",
    "rarity":"Uncommon.13",
    "amount":4
  },
  {
    "category":"BeastMaster Base",
    "item":"Bone Helm",
    "material":"Bullfango Head",
    "rarity":"Uncommon.14",
    "amount":5
  },
  {
    "category":"BeastMaster Base",
    "item":"Bone Helm",
    "material":"Wyvern Gem",
    "rarity":"Rare.8",
    "amount":2
  },
  {
    "category":"BeastMaster Base",
    "item":"Bone Mail",
    "material":"Monster Claws",
    "rarity":"Common.2",
    "amount":5
  },
  {
    "category":"BeastMaster Base",
    "item":"Bone Mail",
    "material":"Ancient Bone",
    "rarity":"Uncommon.12",
    "amount":3
  },
  {
    "category":"BeastMaster Base",
    "item":"Bone Mail",
    "material":"Kestodon Shell",
    "rarity":"Uncommon.13",
    "amount":5
  },
  {
    "category":"BeastMaster Base",
    "item":"Bone Mail",
    "material":"Bullfango Head",
    "rarity":"Uncommon.14",
    "amount":3
  },
  {
    "category":"BeastMaster Base",
    "item":"Bone Mail",
    "material":"Warped Bone",
    "rarity":"Rare.9",
    "amount":2
  },
  {
    "category":"BeastMaster Base",
    "item":"Bone Coil",
    "material":"Monster Essence",
    "rarity":"Common",
    "amount":5
  },
  {
    "category":"BeastMaster Base",
    "item":"Bone Coil",
    "material":"Ancient Bone",
    "rarity":"Uncommon.12",
    "amount":5
  },
  {
    "category":"BeastMaster Base",
    "item":"Bone Coil",
    "material":"Kestodon Shell",
    "rarity":"Uncommon.13",
    "amount":3
  },
  {
    "category":"BeastMaster Base",
    "item":"Bone Coil",
    "material":"Bullfango Head",
    "rarity":"Uncommon.14",
    "amount":3
  },
  {
    "category":"BeastMaster Base",
    "item":"Bone Vambraces",
    "material":"Monster Essence",
    "rarity":"Common",
    "amount":5
  },
  {
    "category":"BeastMaster Base",
    "item":"Bone Vambraces",
    "material":"Monster Claws",
    "rarity":"Common.2",
    "amount":5
  },
  {
    "category":"BeastMaster Base",
    "item":"Bone Vambraces",
    "material":"Warped Bone",
    "rarity":"Rare.9",
    "amount":2
  },
  {
    "category":"BeastMaster White Stag",
    "item":"ChainBlade",
    "material":"Monster Claws",
    "rarity":"Common.2",
    "amount":3
  },
  {
    "category":"BeastMaster White Stag",
    "item":"ChainBlade",
    "material":"Odogaron Sinew",
    "rarity":"Uncommon",
    "amount":3
  },
  {
    "category":"BeastMaster White Stag",
    "item":"ChainBlade",
    "material":"Odogaron Hardfang",
    "rarity":"Uncommon.1",
    "amount":3
  },
  {
    "category":"BeastMaster White Stag",
    "item":"ChainBlade",
    "material":"Odogaron Scale",
    "rarity":"Uncommon.2",
    "amount":3
  },
  {
    "category":"BeastMaster White Stag",
    "item":"ChainBlade",
    "material":"Wyvern Gem",
    "rarity":"Rare.8",
    "amount":1
  },
  {
    "category":"BeastMaster White Stag",
    "item":"ChainBlade",
    "material":"Warped Bone",
    "rarity":"Rare.9",
    "amount":1
  },
  {
    "category":"BeastMaster White Stag",
    "item":"Bone Helm",
    "material":"Monster Essence",
    "rarity":"Common",
    "amount":3
  },
  {
    "category":"BeastMaster White Stag",
    "item":"Bone Helm",
    "material":"Monster Claws",
    "rarity":"Common.2",
    "amount":3
  },
  {
    "category":"BeastMaster White Stag",
    "item":"Bone Helm",
    "material":"Kestodon Shell",
    "rarity":"Uncommon.13",
    "amount":3
  },
  {
    "category":"BeastMaster White Stag",
    "item":"Bone Helm",
    "material":"Bullfango Head",
    "rarity":"Uncommon.14",
    "amount":3
  },
  {
    "category":"BeastMaster White Stag",
    "item":"Bone Mail",
    "material":"Monster Essence",
    "rarity":"Common",
    "amount":3
  },
  {
    "category":"BeastMaster White Stag",
    "item":"Bone Mail",
    "material":"Monster Claws",
    "rarity":"Common.2",
    "amount":3
  },
  {
    "category":"BeastMaster White Stag",
    "item":"Bone Mail",
    "material":"Ancient Bone",
    "rarity":"Uncommon.12",
    "amount":3
  },
  {
    "category":"BeastMaster White Stag",
    "item":"Bone Mail",
    "material":"Kestodon Shell",
    "rarity":"Uncommon.13",
    "amount":3
  },
  {
    "category":"BeastMaster White Stag",
    "item":"Bone Coil",
    "material":"Monster Essence",
    "rarity":"Common",
    "amount":3
  },
  {
    "category":"BeastMaster White Stag",
    "item":"Bone Coil",
    "material":"Ancient Bone",
    "rarity":"Uncommon.12",
    "amount":3
  },
  {
    "category":"BeastMaster White Stag",
    "item":"Bone Coil",
    "material":"Bullfango Head",
    "rarity":"Uncommon.14",
    "amount":3
  },
  {
    "category":"BeastMaster White Stag",
    "item":"Bone Vambraces",
    "material":"Wyvern Gem",
    "rarity":"Rare.8",
    "amount":1
  },
  {
    "category":"BeastMaster White Stag",
    "item":"Bone Vambraces",
    "material":"Warped Bone",
    "rarity":"Rare.9",
    "amount":1
  },
  {
    "category":"BeastMaster Golden",
    "item":"ChainBlade",
    "material":"Monster Claws",
    "rarity":"Common.2",
    "amount":4
  },
  {
    "category":"BeastMaster Golden",
    "item":"ChainBlade",
    "material":"Odogaron Sinew",
    "rarity":"Uncommon",
    "amount":3
  },
  {
    "category":"BeastMaster Golden",
    "item":"ChainBlade",
    "material":"Odogaron Hardfang",
    "rarity":"Uncommon.1",
    "amount":3
  },
  {
    "category":"BeastMaster Golden",
    "item":"ChainBlade",
    "material":"Odogaron Scale",
    "rarity":"Uncommon.2",
    "amount":3
  },
  {
    "category":"BeastMaster Golden",
    "item":"ChainBlade",
    "material":"Wyvern Gem",
    "rarity":"Rare.8",
    "amount":2
  },
  {
    "category":"BeastMaster Golden",
    "item":"ChainBlade",
    "material":"Warped Bone",
    "rarity":"Rare.9",
    "amount":2
  },
  {
    "category":"BeastMaster Golden",
    "item":"Bone Helm",
    "material":"Monster Essence",
    "rarity":"Common",
    "amount":4
  },
  {
    "category":"BeastMaster Golden",
    "item":"Bone Helm",
    "material":"Odogaron Scale",
    "rarity":"Uncommon.2",
    "amount":2
  },
  {
    "category":"BeastMaster Golden",
    "item":"Bone Helm",
    "material":"Ancient Bone",
    "rarity":"Uncommon.12",
    "amount":3
  },
  {
    "category":"BeastMaster Golden",
    "item":"Bone Helm",
    "material":"Kestodon Shell",
    "rarity":"Uncommon.13",
    "amount":3
  },
  {
    "category":"BeastMaster Golden",
    "item":"Bone Helm",
    "material":"Bullfango Head",
    "rarity":"Uncommon.14",
    "amount":5
  },
  {
    "category":"BeastMaster Golden",
    "item":"Bone Mail",
    "material":"Monster Claws",
    "rarity":"Common.2",
    "amount":4
  },
  {
    "category":"BeastMaster Golden",
    "item":"Bone Mail",
    "material":"Odogaron Sinew",
    "rarity":"Uncommon",
    "amount":2
  },
  {
    "category":"BeastMaster Golden",
    "item":"Bone Mail",
    "material":"Ancient Bone",
    "rarity":"Uncommon.12",
    "amount":3
  },
  {
    "category":"BeastMaster Golden",
    "item":"Bone Mail",
    "material":"Kestodon Shell",
    "rarity":"Uncommon.13",
    "amount":5
  },
  {
    "category":"BeastMaster Golden",
    "item":"Bone Mail",
    "material":"Bullfango Head",
    "rarity":"Uncommon.14",
    "amount":3
  },
  {
    "category":"BeastMaster Golden",
    "item":"Bone Coil",
    "material":"Monster Essence",
    "rarity":"Common",
    "amount":4
  },
  {
    "category":"BeastMaster Golden",
    "item":"Bone Coil",
    "material":"Odogaron Hardfang",
    "rarity":"Uncommon.1",
    "amount":2
  },
  {
    "category":"BeastMaster Golden",
    "item":"Bone Coil",
    "material":"Ancient Bone",
    "rarity":"Uncommon.12",
    "amount":5
  },
  {
    "category":"BeastMaster Golden",
    "item":"Bone Coil",
    "material":"Kestodon Shell",
    "rarity":"Uncommon.13",
    "amount":3
  },
  {
    "category":"BeastMaster Golden",
    "item":"Bone Coil",
    "material":"Bullfango Head",
    "rarity":"Uncommon.14",
    "amount":3
  },
  {
    "category":"BeastMaster Golden",
    "item":"Bone Vambraces",
    "material":"Monster Essence",
    "rarity":"Common",
    "amount":4
  },
  {
    "category":"BeastMaster Golden",
    "item":"Bone Vambraces",
    "material":"Monster Claws",
    "rarity":"Common.2",
    "amount":4
  },
  {
    "category":"BeastMaster Golden",
    "item":"Bone Vambraces",
    "material":"Wyvern Gem",
    "rarity":"Rare.8",
    "amount":1
  },
  {
    "category":"BeastMaster Golden",
    "item":"Bone Vambraces",
    "material":"Warped Bone",
    "rarity":"Rare.9",
    "amount":1
  },
  {
    "category":"BeastMaster Golden",
    "item":"ChainBlade",
    "material":"Monster Claws",
    "rarity":"Common.2",
    "amount":5
  },
  {
    "category":"BeastMaster Golden",
    "item":"ChainBlade",
    "material":"Odogaron Sinew",
    "rarity":"Uncommon",
    "amount":4
  },
  {
    "category":"BeastMaster Golden",
    "item":"ChainBlade",
    "material":"Odogaron Hardfang",
    "rarity":"Uncommon.1",
    "amount":4
  },
  {
    "category":"BeastMaster Golden",
    "item":"ChainBlade",
    "material":"Odogaron Scale",
    "rarity":"Uncommon.2",
    "amount":4
  },
  {
    "category":"BeastMaster Golden",
    "item":"ChainBlade",
    "material":"Wyvern Gem",
    "rarity":"Rare.8",
    "amount":3
  },
  {
    "category":"BeastMaster Golden",
    "item":"ChainBlade",
    "material":"Warped Bone",
    "rarity":"Rare.9",
    "amount":3
  },
  {
    "category":"BeastMaster Golden",
    "item":"ChainBlade",
    "material":"Prismatic Pigment",
    "rarity":"Super Rare.2",
    "amount":1
  },
  {
    "category":"BeastMaster Golden",
    "item":"Bone Helm",
    "material":"Monster Essence",
    "rarity":"Common",
    "amount":5
  },
  {
    "category":"BeastMaster Golden",
    "item":"Bone Helm",
    "material":"Odogaron Scale",
    "rarity":"Uncommon.2",
    "amount":4
  },
  {
    "category":"BeastMaster Golden",
    "item":"Bone Helm",
    "material":"Ancient Bone",
    "rarity":"Uncommon.12",
    "amount":4
  },
  {
    "category":"BeastMaster Golden",
    "item":"Bone Helm",
    "material":"Kestodon Shell",
    "rarity":"Uncommon.13",
    "amount":4
  },
  {
    "category":"BeastMaster Golden",
    "item":"Bone Helm",
    "material":"Bullfango Head",
    "rarity":"Uncommon.14",
    "amount":6
  },
  {
    "category":"BeastMaster Golden",
    "item":"Bone Helm",
    "material":"Prismatic Pigment",
    "rarity":"Super Rare.2",
    "amount":1
  },
  {
    "category":"BeastMaster Golden",
    "item":"Bone Mail",
    "material":"Monster Claws",
    "rarity":"Common.2",
    "amount":5
  },
  {
    "category":"BeastMaster Golden",
    "item":"Bone Mail",
    "material":"Odogaron Sinew",
    "rarity":"Uncommon",
    "amount":4
  },
  {
    "category":"BeastMaster Golden",
    "item":"Bone Mail",
    "material":"Ancient Bone",
    "rarity":"Uncommon.12",
    "amount":4
  },
  {
    "category":"BeastMaster Golden",
    "item":"Bone Mail",
    "material":"Kestodon Shell",
    "rarity":"Uncommon.13",
    "amount":6
  },
  {
    "category":"BeastMaster Golden",
    "item":"Bone Mail",
    "material":"Bullfango Head",
    "rarity":"Uncommon.14",
    "amount":4
  },
  {
    "category":"BeastMaster Golden",
    "item":"Bone Mail",
    "material":"Odogaron Shard",
    "rarity":"Rare",
    "amount":2
  },
  {
    "category":"BeastMaster Golden",
    "item":"Bone Coil",
    "material":"Monster Essence",
    "rarity":"Common",
    "amount":5
  },
  {
    "category":"BeastMaster Golden",
    "item":"Bone Coil",
    "material":"Odogaron Hardfang",
    "rarity":"Uncommon.1",
    "amount":4
  },
  {
    "category":"BeastMaster Golden",
    "item":"Bone Coil",
    "material":"Ancient Bone",
    "rarity":"Uncommon.12",
    "amount":6
  },
  {
    "category":"BeastMaster Golden",
    "item":"Bone Coil",
    "material":"Kestodon Shell",
    "rarity":"Uncommon.13",
    "amount":4
  },
  {
    "category":"BeastMaster Golden",
    "item":"Bone Coil",
    "material":"Bullfango Head",
    "rarity":"Uncommon.14",
    "amount":4
  },
  {
    "category":"BeastMaster Golden",
    "item":"Bone Coil",
    "material":"Warped Bone",
    "rarity":"Rare.9",
    "amount":1
  },
  {
    "category":"BeastMaster Golden",
    "item":"Bone Vambraces",
    "material":"Monster Essence",
    "rarity":"Common",
    "amount":5
  },
  {
    "category":"BeastMaster Golden",
    "item":"Bone Vambraces",
    "material":"Monster Claws",
    "rarity":"Common.2",
    "amount":5
  },
  {
    "category":"BeastMaster Golden",
    "item":"Bone Vambraces",
    "material":"Odogaron Mantle",
    "rarity":"Rare.1",
    "amount":2
  },
  {
    "category":"BeastMaster Golden",
    "item":"Bone Vambraces",
    "material":"Wyvern Gem",
    "rarity":"Rare.8",
    "amount":2
  },
  {
    "category":"BeastMaster Golden",
    "item":"Bone Vambraces",
    "material":"Warped Bone",
    "rarity":"Rare.9",
    "amount":1
  },
  {
    "category":"WindRanger Base",
    "item":"Zinogre Helm",
    "material":"Monster Claws",
    "rarity":"Common.2",
    "amount":6
  },
  {
    "category":"WindRanger Base",
    "item":"Zinogre Helm",
    "material":"Zinogre Deathly Shocker",
    "rarity":"Uncommon.4",
    "amount":4
  },
  {
    "category":"WindRanger Base",
    "item":"Zinogre Helm",
    "material":"Zinogre Cortex",
    "rarity":"Uncommon.5",
    "amount":4
  },
  {
    "category":"WindRanger Base",
    "item":"Zinogre Helm",
    "material":"Zinogre Hardhorn",
    "rarity":"Rare.2",
    "amount":2
  },
  {
    "category":"WindRanger Base",
    "item":"Zinogre Helm",
    "material":"Zinogre Skymerald",
    "rarity":"Rare.3",
    "amount":2
  },
  {
    "category":"WindRanger Base",
    "item":"Zinogre Mail",
    "material":"Monster Fur",
    "rarity":"Common.1",
    "amount":6
  },
  {
    "category":"WindRanger Base",
    "item":"Zinogre Mail",
    "material":"Monster Claws",
    "rarity":"Common.2",
    "amount":6
  },
  {
    "category":"WindRanger Base",
    "item":"Zinogre Mail",
    "material":"Zinogre Electrofur",
    "rarity":"Uncommon.3",
    "amount":4
  },
  {
    "category":"WindRanger Base",
    "item":"Zinogre Mail",
    "material":"Zinogre Deathly Shocker",
    "rarity":"Uncommon.4",
    "amount":4
  },
  {
    "category":"WindRanger Base",
    "item":"Zinogre Mail",
    "material":"Zinogre Hardhorn",
    "rarity":"Rare.2",
    "amount":2
  },
  {
    "category":"WindRanger Base",
    "item":"Rumble Row",
    "material":"Monster Fur",
    "rarity":"Common.1",
    "amount":5
  },
  {
    "category":"WindRanger Base",
    "item":"Rumble Row",
    "material":"Zinogre Electrofur",
    "rarity":"Uncommon.3",
    "amount":3
  },
  {
    "category":"WindRanger Base",
    "item":"Rumble Row",
    "material":"Zinogre Cortex",
    "rarity":"Uncommon.5",
    "amount":3
  },
  {
    "category":"WindRanger Base",
    "item":"Rumble Row",
    "material":"Zinogre Skymerald",
    "rarity":"Rare.3",
    "amount":2
  },
  {
    "category":"WindRanger Base",
    "item":"Hunter Cape",
    "material":"Monster Fur",
    "rarity":"Common.1",
    "amount":5
  },
  {
    "category":"WindRanger Base",
    "item":"Hunter Cape",
    "material":"Zinogre Electrofur",
    "rarity":"Uncommon.3",
    "amount":3
  },
  {
    "category":"WindRanger Base",
    "item":"Hunter Cape",
    "material":"Zinogre Deathly Shocker",
    "rarity":"Uncommon.4",
    "amount":3
  },
  {
    "category":"WindRanger Base",
    "item":"Quiver",
    "material":"Monster Claws",
    "rarity":"Common.2",
    "amount":5
  },
  {
    "category":"WindRanger Base",
    "item":"Quiver",
    "material":"Zinogre Cortex",
    "rarity":"Uncommon.5",
    "amount":3
  },
  {
    "category":"WindRanger Autumn",
    "item":"Zinogre Helm",
    "material":"Monster Claws",
    "rarity":"Common.2",
    "amount":3
  },
  {
    "category":"WindRanger Autumn",
    "item":"Zinogre Helm",
    "material":"Zinogre Deathly Shocker",
    "rarity":"Uncommon.4",
    "amount":3
  },
  {
    "category":"WindRanger Autumn",
    "item":"Zinogre Helm",
    "material":"Zinogre Cortex",
    "rarity":"Uncommon.5",
    "amount":3
  },
  {
    "category":"WindRanger Autumn",
    "item":"Zinogre Helm",
    "material":"Zinogre Hardhorn",
    "rarity":"Rare.2",
    "amount":2
  },
  {
    "category":"WindRanger Autumn",
    "item":"Zinogre Helm",
    "material":"Zinogre Skymerald",
    "rarity":"Rare.3",
    "amount":1
  },
  {
    "category":"WindRanger Autumn",
    "item":"Zinogre Mail",
    "material":"Monster Fur",
    "rarity":"Common.1",
    "amount":3
  },
  {
    "category":"WindRanger Autumn",
    "item":"Zinogre Mail",
    "material":"Monster Claws",
    "rarity":"Common.2",
    "amount":3
  },
  {
    "category":"WindRanger Autumn",
    "item":"Zinogre Mail",
    "material":"Zinogre Electrofur",
    "rarity":"Uncommon.3",
    "amount":3
  },
  {
    "category":"WindRanger Autumn",
    "item":"Zinogre Mail",
    "material":"Zinogre Deathly Shocker",
    "rarity":"Uncommon.4",
    "amount":3
  },
  {
    "category":"WindRanger Autumn",
    "item":"Rumble Row",
    "material":"Monster Fur",
    "rarity":"Common.1",
    "amount":3
  },
  {
    "category":"WindRanger Autumn",
    "item":"Rumble Row",
    "material":"Zinogre Electrofur",
    "rarity":"Uncommon.3",
    "amount":3
  },
  {
    "category":"WindRanger Autumn",
    "item":"Rumble Row",
    "material":"Zinogre Cortex",
    "rarity":"Uncommon.5",
    "amount":3
  },
  {
    "category":"WindRanger Autumn",
    "item":"Rumble Row",
    "material":"Zinogre Skymerald",
    "rarity":"Rare.3",
    "amount":1
  },
  {
    "category":"WindRanger Autumn",
    "item":"Hunter Cape",
    "material":"Monster Fur",
    "rarity":"Common.1",
    "amount":3
  },
  {
    "category":"WindRanger Autumn",
    "item":"Hunter Cape",
    "material":"Zinogre Electrofur",
    "rarity":"Uncommon.3",
    "amount":3
  },
  {
    "category":"WindRanger Autumn",
    "item":"Quiver",
    "material":"Monster Claws",
    "rarity":"Common.2",
    "amount":3
  },
  {
    "category":"WindRanger Autumn",
    "item":"Quiver",
    "material":"Zinogre Cortex",
    "rarity":"Uncommon.5",
    "amount":3
  },
  {
    "category":"WindRanger Sylvan ",
    "item":"Zinogre Helm",
    "material":"Monster Claws",
    "rarity":"Common.2",
    "amount":4
  },
  {
    "category":"WindRanger Sylvan ",
    "item":"Zinogre Helm",
    "material":"Zinogre Deathly Shocker",
    "rarity":"Uncommon.4",
    "amount":3
  },
  {
    "category":"WindRanger Sylvan ",
    "item":"Zinogre Helm",
    "material":"Zinogre Cortex",
    "rarity":"Uncommon.5",
    "amount":4
  },
  {
    "category":"WindRanger Sylvan ",
    "item":"Zinogre Helm",
    "material":"Iron Ore",
    "rarity":"Uncommon.17",
    "amount":2
  },
  {
    "category":"WindRanger Sylvan ",
    "item":"Zinogre Helm",
    "material":"Zinogre Hardhorn",
    "rarity":"Rare.2",
    "amount":2
  },
  {
    "category":"WindRanger Sylvan ",
    "item":"Zinogre Helm",
    "material":"Zinogre Skymerald",
    "rarity":"Rare.3",
    "amount":2
  },
  {
    "category":"WindRanger Sylvan ",
    "item":"Zinogre Mail",
    "material":"Monster Fur",
    "rarity":"Common.1",
    "amount":4
  },
  {
    "category":"WindRanger Sylvan ",
    "item":"Zinogre Mail",
    "material":"Monster Claws",
    "rarity":"Common.2",
    "amount":4
  },
  {
    "category":"WindRanger Sylvan ",
    "item":"Zinogre Mail",
    "material":"Zinogre Electrofur",
    "rarity":"Uncommon.3",
    "amount":4
  },
  {
    "category":"WindRanger Sylvan ",
    "item":"Zinogre Mail",
    "material":"Zinogre Deathly Shocker",
    "rarity":"Uncommon.4",
    "amount":3
  },
  {
    "category":"WindRanger Sylvan ",
    "item":"Zinogre Mail",
    "material":"Large Barrel",
    "rarity":"Uncommon.15",
    "amount":2
  },
  {
    "category":"WindRanger Sylvan ",
    "item":"Zinogre Mail",
    "material":"Zinogre Hardhorn",
    "rarity":"Rare.2",
    "amount":2
  },
  {
    "category":"WindRanger Sylvan ",
    "item":"Rumble Row",
    "material":"Monster Fur",
    "rarity":"Common.1",
    "amount":4
  },
  {
    "category":"WindRanger Sylvan ",
    "item":"Rumble Row",
    "material":"Zinogre Electrofur",
    "rarity":"Uncommon.3",
    "amount":3
  },
  {
    "category":"WindRanger Sylvan ",
    "item":"Rumble Row",
    "material":"Zinogre Cortex",
    "rarity":"Uncommon.5",
    "amount":3
  },
  {
    "category":"WindRanger Sylvan ",
    "item":"Rumble Row",
    "material":"Gunpowder",
    "rarity":"Uncommon.16",
    "amount":2
  },
  {
    "category":"WindRanger Sylvan ",
    "item":"Rumble Row",
    "material":"Iron Ore",
    "rarity":"Uncommon.17",
    "amount":2
  },
  {
    "category":"WindRanger Sylvan ",
    "item":"Rumble Row",
    "material":"Zinogre Skymerald",
    "rarity":"Rare.3",
    "amount":2
  },
  {
    "category":"WindRanger Sylvan ",
    "item":"Hunter Cape",
    "material":"Monster Fur",
    "rarity":"Common.1",
    "amount":4
  },
  {
    "category":"WindRanger Sylvan ",
    "item":"Hunter Cape",
    "material":"Zinogre Electrofur",
    "rarity":"Uncommon.3",
    "amount":3
  },
  {
    "category":"WindRanger Sylvan ",
    "item":"Hunter Cape",
    "material":"Zinogre Deathly Shocker",
    "rarity":"Uncommon.4",
    "amount":4
  },
  {
    "category":"WindRanger Sylvan ",
    "item":"Hunter Cape",
    "material":"Gunpowder",
    "rarity":"Uncommon.16",
    "amount":2
  },
  {
    "category":"WindRanger Sylvan ",
    "item":"Quiver",
    "material":"Monster Claws",
    "rarity":"Common.2",
    "amount":4
  },
  {
    "category":"WindRanger Sylvan ",
    "item":"Quiver",
    "material":"Zinogre Cortex",
    "rarity":"Uncommon.5",
    "amount":3
  },
  {
    "category":"WindRanger Sylvan ",
    "item":"Quiver",
    "material":"Large Barrel",
    "rarity":"Uncommon.15",
    "amount":2
  },
  {
    "category":"WindRanger Prismatic",
    "item":"Zinogre Helm",
    "material":"Monster Fur",
    "rarity":"Common.1",
    "amount":5
  },
  {
    "category":"WindRanger Prismatic",
    "item":"Zinogre Helm",
    "material":"Monster Claws",
    "rarity":"Common.2",
    "amount":5
  },
  {
    "category":"WindRanger Prismatic",
    "item":"Zinogre Helm",
    "material":"Zinogre Deathly Shocker",
    "rarity":"Uncommon.4",
    "amount":3
  },
  {
    "category":"WindRanger Prismatic",
    "item":"Zinogre Helm",
    "material":"Zinogre Cortex",
    "rarity":"Uncommon.5",
    "amount":3
  },
  {
    "category":"WindRanger Prismatic",
    "item":"Zinogre Helm",
    "material":"Iron Ore",
    "rarity":"Uncommon.17",
    "amount":3
  },
  {
    "category":"WindRanger Prismatic",
    "item":"Zinogre Helm",
    "material":"Zinogre Hardhorn",
    "rarity":"Rare.2",
    "amount":3
  },
  {
    "category":"WindRanger Prismatic",
    "item":"Zinogre Helm",
    "material":"Zinogre Skymerald",
    "rarity":"Rare.3",
    "amount":3
  },
  {
    "category":"WindRanger Prismatic",
    "item":"Zinogre Helm",
    "material":"Prismatic Pigment",
    "rarity":"Super Rare.2",
    "amount":1
  },
  {
    "category":"WindRanger Prismatic",
    "item":"Zinogre Mail",
    "material":"Monster Fur",
    "rarity":"Common.1",
    "amount":5
  },
  {
    "category":"WindRanger Prismatic",
    "item":"Zinogre Mail",
    "material":"Monster Claws",
    "rarity":"Common.2",
    "amount":5
  },
  {
    "category":"WindRanger Prismatic",
    "item":"Zinogre Mail",
    "material":"Zinogre Electrofur",
    "rarity":"Uncommon.3",
    "amount":5
  },
  {
    "category":"WindRanger Prismatic",
    "item":"Zinogre Mail",
    "material":"Zinogre Deathly Shocker",
    "rarity":"Uncommon.4",
    "amount":3
  },
  {
    "category":"WindRanger Prismatic",
    "item":"Zinogre Mail",
    "material":"Large Barrel",
    "rarity":"Uncommon.15",
    "amount":3
  },
  {
    "category":"WindRanger Prismatic",
    "item":"Zinogre Mail",
    "material":"Zinogre Hardhorn",
    "rarity":"Rare.2",
    "amount":3
  },
  {
    "category":"WindRanger Prismatic",
    "item":"Zinogre Mail",
    "material":"Prismatic Pigment",
    "rarity":"Super Rare.2",
    "amount":1
  },
  {
    "category":"WindRanger Prismatic",
    "item":"Rumble Row",
    "material":"Zinogre Electrofur",
    "rarity":"Uncommon.3",
    "amount":3
  },
  {
    "category":"WindRanger Prismatic",
    "item":"Rumble Row",
    "material":"Zinogre Cortex",
    "rarity":"Uncommon.5",
    "amount":3
  },
  {
    "category":"WindRanger Prismatic",
    "item":"Rumble Row",
    "material":"Gunpowder",
    "rarity":"Uncommon.16",
    "amount":3
  },
  {
    "category":"WindRanger Prismatic",
    "item":"Rumble Row",
    "material":"Iron Ore",
    "rarity":"Uncommon.17",
    "amount":3
  },
  {
    "category":"WindRanger Prismatic",
    "item":"Rumble Row",
    "material":"Zinogre Skymerald",
    "rarity":"Rare.3",
    "amount":3
  },
  {
    "category":"WindRanger Prismatic",
    "item":"Hunter Cape",
    "material":"Monster Fur",
    "rarity":"Common.1",
    "amount":5
  },
  {
    "category":"WindRanger Prismatic",
    "item":"Hunter Cape",
    "material":"Zinogre Electrofur",
    "rarity":"Uncommon.3",
    "amount":3
  },
  {
    "category":"WindRanger Prismatic",
    "item":"Hunter Cape",
    "material":"Zinogre Deathly Shocker",
    "rarity":"Uncommon.4",
    "amount":4
  },
  {
    "category":"WindRanger Prismatic",
    "item":"Hunter Cape",
    "material":"Gunpowder",
    "rarity":"Uncommon.16",
    "amount":3
  },
  {
    "category":"WindRanger Prismatic",
    "item":"Hunter Cape",
    "material":"Devils Blight",
    "rarity":"Rare.11",
    "amount":2
  },
  {
    "category":"WindRanger Prismatic",
    "item":"Quiver",
    "material":"Monster Claws",
    "rarity":"Common.2",
    "amount":5
  },
  {
    "category":"WindRanger Prismatic",
    "item":"Quiver",
    "material":"Zinogre Cortex",
    "rarity":"Uncommon.5",
    "amount":4
  },
  {
    "category":"WindRanger Prismatic",
    "item":"Quiver",
    "material":"Large Barrel",
    "rarity":"Uncommon.15",
    "amount":3
  },
  {
    "category":"WindRanger Prismatic",
    "item":"Quiver",
    "material":"Sinister Cloth",
    "rarity":"Rare.10",
    "amount":2
  },
  {
    "category":"Poogie",
    "item":"Apprentice",
    "material":"Monster Claws",
    "rarity":"Common.2",
    "amount":15
  },
  {
    "category":"Poogie",
    "item":"Apprentice",
    "material":"Odogaron Scale",
    "rarity":"Uncommon.2",
    "amount":4
  },
  {
    "category":"Poogie",
    "item":"Apprentice",
    "material":"Rathalos Tail",
    "rarity":"Uncommon.8",
    "amount":5
  },
  {
    "category":"Poogie",
    "item":"Apprentice",
    "material":"Large Barrel",
    "rarity":"Uncommon.15",
    "amount":4
  },
  {
    "category":"Poogie",
    "item":"Apprentice",
    "material":"Zinogre Hardhorn",
    "rarity":"Rare.2",
    "amount":2
  },
  {
    "category":"Poogie",
    "item":"Apprentice",
    "material":"Kirin Azure Horn",
    "rarity":"Rare.6",
    "amount":3
  },
  {
    "category":"Poogie",
    "item":"Apprentice",
    "material":"Poogie Voucher",
    "rarity":"Super Rare.1",
    "amount":1
  },
  {
    "category":"Poogie",
    "item":"Bee",
    "material":"Monster Essence",
    "rarity":"Common",
    "amount":15
  },
  {
    "category":"Poogie",
    "item":"Bee",
    "material":"Odogaron Sinew",
    "rarity":"Uncommon",
    "amount":4
  },
  {
    "category":"Poogie",
    "item":"Bee",
    "material":"Zinogre Cortex",
    "rarity":"Uncommon.5",
    "amount":5
  },
  {
    "category":"Poogie",
    "item":"Bee",
    "material":"Rathalos Wings",
    "rarity":"Uncommon.7",
    "amount":4
  },
  {
    "category":"Poogie",
    "item":"Bee",
    "material":"Kirin Azure Horn",
    "rarity":"Rare.6",
    "amount":2
  },
  {
    "category":"Poogie",
    "item":"Bee",
    "material":"Wyvern Gem",
    "rarity":"Rare.8",
    "amount":3
  },
  {
    "category":"Poogie",
    "item":"Bee",
    "material":"Poogie Voucher",
    "rarity":"Super Rare.1",
    "amount":1
  },
  {
    "category":"Poogie",
    "item":"Pumpkin",
    "material":"Monster Fur",
    "rarity":"Common.1",
    "amount":15
  },
  {
    "category":"Poogie",
    "item":"Pumpkin",
    "material":"Zinogre Deathly Shocker",
    "rarity":"Uncommon.4",
    "amount":4
  },
  {
    "category":"Poogie",
    "item":"Pumpkin",
    "material":"Rathalos Carapace",
    "rarity":"Uncommon.6",
    "amount":4
  },
  {
    "category":"Poogie",
    "item":"Pumpkin",
    "material":"Kirin Thunderhorn",
    "rarity":"Uncommon.9",
    "amount":5
  },
  {
    "category":"Poogie",
    "item":"Pumpkin",
    "material":"Wyvern Gem",
    "rarity":"Rare.8",
    "amount":2
  },
  {
    "category":"Poogie",
    "item":"Pumpkin",
    "material":"Devils Blight",
    "rarity":"Rare.11",
    "amount":3
  },
  {
    "category":"Poogie",
    "item":"Pumpkin",
    "material":"Poogie Voucher",
    "rarity":"Super Rare.1",
    "amount":1
  },
  {
    "category":"Poogie",
    "item":"Pink",
    "material":"Monster Claws",
    "rarity":"Common.2",
    "amount":15
  },
  {
    "category":"Poogie",
    "item":"Pink",
    "material":"Zinogre Electrofur",
    "rarity":"Uncommon.3",
    "amount":4
  },
  {
    "category":"Poogie",
    "item":"Pink",
    "material":"Kirin Mane",
    "rarity":"Uncommon.11",
    "amount":4
  },
  {
    "category":"Poogie",
    "item":"Pink",
    "material":"Bullfango Head",
    "rarity":"Uncommon.14",
    "amount":5
  },
  {
    "category":"Poogie",
    "item":"Pink",
    "material":"Odogaron Shard",
    "rarity":"Rare",
    "amount":3
  },
  {
    "category":"Poogie",
    "item":"Pink",
    "material":"Devils Blight",
    "rarity":"Rare.11",
    "amount":2
  },
  {
    "category":"Poogie",
    "item":"Pink",
    "material":"Poogie Voucher",
    "rarity":"Super Rare.1",
    "amount":1
  },
  {
    "category":"Poogie",
    "item":"Emperor",
    "material":"Monster Essence",
    "rarity":"Common",
    "amount":15
  },
  {
    "category":"Poogie",
    "item":"Emperor",
    "material":"Kirin Hide",
    "rarity":"Uncommon.10",
    "amount":4
  },
  {
    "category":"Poogie",
    "item":"Emperor",
    "material":"Ancient Bone",
    "rarity":"Uncommon.12",
    "amount":4
  },
  {
    "category":"Poogie",
    "item":"Emperor",
    "material":"Iron Ore",
    "rarity":"Uncommon.17",
    "amount":5
  },
  {
    "category":"Poogie",
    "item":"Emperor",
    "material":"Odogaron Shard",
    "rarity":"Rare",
    "amount":2
  },
  {
    "category":"Poogie",
    "item":"Emperor",
    "material":"Rathalos Ruby",
    "rarity":"Rare.4",
    "amount":3
  },
  {
    "category":"Poogie",
    "item":"Emperor",
    "material":"Poogie Voucher",
    "rarity":"Super Rare.1",
    "amount":1
  }
]