[
  {
    "category":"艾露猫信使",
    "item":"火龙",
    "material":"怪物精华",
    "rarity":"Common",
    "amount":15
  },
  {
    "category":"艾露猫信使",
    "item":"火龙",
    "material":"火龙的坚壳",
    "rarity":"Uncommon.6",
    "amount":3
  },
  {
    "category":"艾露猫信使",
    "item":"火龙",
    "material":"火龙的翅膀",
    "rarity":"Uncommon.7",
    "amount":3
  },
  {
    "category":"艾露猫信使",
    "item":"火龙",
    "material":"火龙的尾巴",
    "rarity":"Uncommon.8",
    "amount":3
  },
  {
    "category":"艾露猫信使",
    "item":"火龙",
    "material":"火龙的红玉",
    "rarity":"Rare.4",
    "amount":3
  },
  {
    "category":"艾露猫信使",
    "item":"火龙",
    "material":"艾露猫票券",
    "rarity":"Super Rare",
    "amount":1
  },
  {
    "category":"艾露猫信使",
    "item":"雷狼龙",
    "material":"怪物毛皮",
    "rarity":"Common.1",
    "amount":15
  },
  {
    "category":"艾露猫信使",
    "item":"雷狼龙",
    "material":"雷狼龙的高电毛",
    "rarity":"Uncommon.3",
    "amount":3
  },
  {
    "category":"艾露猫信使",
    "item":"雷狼龙",
    "material":"雷狼龙的雷电壳",
    "rarity":"Uncommon.4",
    "amount":3
  },
  {
    "category":"艾露猫信使",
    "item":"雷狼龙",
    "material":"雷狼龙的重壳",
    "rarity":"Uncommon.5",
    "amount":3
  },
  {
    "category":"艾露猫信使",
    "item":"雷狼龙",
    "material":"雷狼龙的天玉",
    "rarity":"Rare.3",
    "amount":3
  },
  {
    "category":"艾露猫信使",
    "item":"雷狼龙",
    "material":"艾露猫票券",
    "rarity":"Super Rare",
    "amount":1
  },
  {
    "category":"艾露猫信使",
    "item":"麒麟",
    "material":"怪物爪子",
    "rarity":"Common.2",
    "amount":15
  },
  {
    "category":"艾露猫信使",
    "item":"麒麟",
    "material":"麒麟的雷角",
    "rarity":"Uncommon.9",
    "amount":3
  },
  {
    "category":"艾露猫信使",
    "item":"麒麟",
    "material":"麒麟的皮",
    "rarity":"Uncommon.10",
    "amount":3
  },
  {
    "category":"艾露猫信使",
    "item":"麒麟",
    "material":"麒麟的鬃毛",
    "rarity":"Uncommon.11",
    "amount":3
  },
  {
    "category":"艾露猫信使",
    "item":"麒麟",
    "material":"古龙的大宝玉",
    "rarity":"Rare.7",
    "amount":3
  },
  {
    "category":"艾露猫信使",
    "item":"麒麟",
    "material":"艾露猫票券",
    "rarity":"Super Rare",
    "amount":1
  },
  {
    "category":"艾露猫信使",
    "item":"惨爪龙",
    "material":"怪物爪子",
    "rarity":"Common.2",
    "amount":15
  },
  {
    "category":"艾露猫信使",
    "item":"惨爪龙",
    "material":"惨爪龙的硬肌",
    "rarity":"Uncommon",
    "amount":3
  },
  {
    "category":"艾露猫信使",
    "item":"惨爪龙",
    "material":"惨爪龙的重牙",
    "rarity":"Uncommon.1",
    "amount":3
  },
  {
    "category":"艾露猫信使",
    "item":"惨爪龙",
    "material":"惨爪龙的鳞",
    "rarity":"Uncommon.2",
    "amount":3
  },
  {
    "category":"艾露猫信使",
    "item":"惨爪龙",
    "material":"惨爪龙的天鳞",
    "rarity":"Rare.1",
    "amount":3
  },
  {
    "category":"艾露猫信使",
    "item":"惨爪龙",
    "material":"艾露猫票券",
    "rarity":"Super Rare",
    "amount":1
  },
  {
    "category":"艾露猫信使",
    "item":"骨制",
    "material":"怪物精华",
    "rarity":"Common",
    "amount":15
  },
  {
    "category":"艾露猫信使",
    "item":"骨制",
    "material":"太古大骨",
    "rarity":"Uncommon.12",
    "amount":3
  },
  {
    "category":"艾露猫信使",
    "item":"骨制",
    "material":"冠突龙的甲壳",
    "rarity":"Uncommon.13",
    "amount":3
  },
  {
    "category":"艾露猫信使",
    "item":"骨制",
    "material":"野猪的头",
    "rarity":"Uncommon.14",
    "amount":3
  },
  {
    "category":"艾露猫信使",
    "item":"骨制",
    "material":"扭曲狂骨",
    "rarity":"Rare.9",
    "amount":3
  },
  {
    "category":"艾露猫信使",
    "item":"骨制",
    "material":"艾露猫票券",
    "rarity":"Super Rare",
    "amount":1
  },
  {
    "category":"Sniper 基础",
    "item":"步枪",
    "material":"怪物精华",
    "rarity":"Common",
    "amount":6
  },
  {
    "category":"Sniper 基础",
    "item":"步枪",
    "material":"怪物毛皮",
    "rarity":"Common.1",
    "amount":6
  },
  {
    "category":"Sniper 基础",
    "item":"步枪",
    "material":"惨爪龙的硬肌",
    "rarity":"Uncommon",
    "amount":4
  },
  {
    "category":"Sniper 基础",
    "item":"步枪",
    "material":"惨爪龙的重牙",
    "rarity":"Uncommon.1",
    "amount":4
  },
  {
    "category":"Sniper 基础",
    "item":"步枪",
    "material":"惨爪龙的厚鳞",
    "rarity":"Rare",
    "amount":2
  },
  {
    "category":"Sniper 基础",
    "item":"步枪",
    "material":"惨爪龙的天鳞",
    "rarity":"Rare.1",
    "amount":2
  },
  {
    "category":"Sniper 基础",
    "item":"头盔 beta",
    "material":"惨爪龙的重牙",
    "rarity":"Uncommon.1",
    "amount":4
  },
  {
    "category":"Sniper 基础",
    "item":"头盔 beta",
    "material":"惨爪龙的鳞",
    "rarity":"Uncommon.2",
    "amount":4
  },
  {
    "category":"Sniper 基础",
    "item":"头盔 beta",
    "material":"惨爪龙的厚鳞",
    "rarity":"Rare",
    "amount":2
  },
  {
    "category":"Sniper 基础",
    "item":"头盔 beta",
    "material":"惨爪龙的天鳞",
    "rarity":"Rare.1",
    "amount":2
  },
  {
    "category":"Sniper 基础",
    "item":"披风 beta",
    "material":"怪物精华",
    "rarity":"Common",
    "amount":5
  },
  {
    "category":"Sniper 基础",
    "item":"披风 beta",
    "material":"怪物毛皮",
    "rarity":"Common.1",
    "amount":5
  },
  {
    "category":"Sniper 基础",
    "item":"披风 beta",
    "material":"惨爪龙的硬肌",
    "rarity":"Uncommon",
    "amount":3
  },
  {
    "category":"Sniper 基础",
    "item":"披风 beta",
    "material":"惨爪龙的重牙",
    "rarity":"Uncommon.1",
    "amount":3
  },
  {
    "category":"Sniper 基础",
    "item":"肩甲 beta",
    "material":"怪物毛皮",
    "rarity":"Common.1",
    "amount":5
  },
  {
    "category":"Sniper 基础",
    "item":"肩甲 beta",
    "material":"惨爪龙的硬肌",
    "rarity":"Uncommon",
    "amount":3
  },
  {
    "category":"Sniper 基础",
    "item":"肩甲 beta",
    "material":"惨爪龙的鳞",
    "rarity":"Uncommon.2",
    "amount":3
  },
  {
    "category":"Sniper 基础",
    "item":"腕甲和护腿",
    "material":"怪物精华",
    "rarity":"Common",
    "amount":5
  },
  {
    "category":"Sniper 基础",
    "item":"腕甲和护腿",
    "material":"惨爪龙的鳞",
    "rarity":"Uncommon.2",
    "amount":3
  },
  {
    "category":"Sniper 恐惧之木",
    "item":"步枪",
    "material":"怪物精华",
    "rarity":"Common",
    "amount":3
  },
  {
    "category":"Sniper 恐惧之木",
    "item":"步枪",
    "material":"惨爪龙的硬肌",
    "rarity":"Uncommon",
    "amount":3
  },
  {
    "category":"Sniper 恐惧之木",
    "item":"步枪",
    "material":"惨爪龙的重牙",
    "rarity":"Uncommon.1",
    "amount":3
  },
  {
    "category":"Sniper 恐惧之木",
    "item":"步枪",
    "material":"惨爪龙的厚鳞",
    "rarity":"Rare",
    "amount":2
  },
  {
    "category":"Sniper 恐惧之木",
    "item":"头盔 beta",
    "material":"怪物毛皮",
    "rarity":"Common.1",
    "amount":3
  },
  {
    "category":"Sniper 恐惧之木",
    "item":"头盔 beta",
    "material":"惨爪龙的鳞",
    "rarity":"Uncommon.2",
    "amount":3
  },
  {
    "category":"Sniper 恐惧之木",
    "item":"头盔 beta",
    "material":"惨爪龙的天鳞",
    "rarity":"Rare.1",
    "amount":2
  },
  {
    "category":"Sniper 恐惧之木",
    "item":"披风 beta",
    "material":"怪物精华",
    "rarity":"Common",
    "amount":3
  },
  {
    "category":"Sniper 恐惧之木",
    "item":"披风 beta",
    "material":"惨爪龙的重牙",
    "rarity":"Uncommon.1",
    "amount":3
  },
  {
    "category":"Sniper 恐惧之木",
    "item":"肩甲 beta",
    "material":"怪物毛皮",
    "rarity":"Common.1",
    "amount":3
  },
  {
    "category":"Sniper 恐惧之木",
    "item":"肩甲 beta",
    "material":"惨爪龙的硬肌",
    "rarity":"Uncommon",
    "amount":3
  },
  {
    "category":"Sniper 恐惧之木",
    "item":"腕甲和护腿",
    "material":"惨爪龙的鳞",
    "rarity":"Uncommon.2",
    "amount":3
  },
  {
    "category":"Sniper 狐焰",
    "item":"步枪",
    "material":"怪物精华",
    "rarity":"Common",
    "amount":4
  },
  {
    "category":"Sniper 狐焰",
    "item":"步枪",
    "material":"怪物毛皮",
    "rarity":"Common.1",
    "amount":4
  },
  {
    "category":"Sniper 狐焰",
    "item":"步枪",
    "material":"惨爪龙的硬肌",
    "rarity":"Uncommon",
    "amount":3
  },
  {
    "category":"Sniper 狐焰",
    "item":"步枪",
    "material":"惨爪龙的重牙",
    "rarity":"Uncommon.1",
    "amount":3
  },
  {
    "category":"Sniper 狐焰",
    "item":"步枪",
    "material":"雷狼龙的高电毛",
    "rarity":"Uncommon.3",
    "amount":2
  },
  {
    "category":"Sniper 狐焰",
    "item":"步枪",
    "material":"惨爪龙的厚鳞",
    "rarity":"Rare",
    "amount":1
  },
  {
    "category":"Sniper 狐焰",
    "item":"步枪",
    "material":"惨爪龙的天鳞",
    "rarity":"Rare.1",
    "amount":2
  },
  {
    "category":"Sniper 狐焰",
    "item":"头盔 beta",
    "material":"惨爪龙的重牙",
    "rarity":"Uncommon.1",
    "amount":3
  },
  {
    "category":"Sniper 狐焰",
    "item":"头盔 beta",
    "material":"惨爪龙的鳞",
    "rarity":"Uncommon.2",
    "amount":3
  },
  {
    "category":"Sniper 狐焰",
    "item":"头盔 beta",
    "material":"雷狼龙的雷电壳",
    "rarity":"Uncommon.4",
    "amount":2
  },
  {
    "category":"Sniper 狐焰",
    "item":"头盔 beta",
    "material":"惨爪龙的厚鳞",
    "rarity":"Rare",
    "amount":1
  },
  {
    "category":"Sniper 狐焰",
    "item":"头盔 beta",
    "material":"惨爪龙的天鳞",
    "rarity":"Rare.1",
    "amount":1
  },
  {
    "category":"Sniper 狐焰",
    "item":"披风 beta",
    "material":"怪物精华",
    "rarity":"Common",
    "amount":4
  },
  {
    "category":"Sniper 狐焰",
    "item":"披风 beta",
    "material":"怪物毛皮",
    "rarity":"Common.1",
    "amount":4
  },
  {
    "category":"Sniper 狐焰",
    "item":"披风 beta",
    "material":"惨爪龙的硬肌",
    "rarity":"Uncommon",
    "amount":3
  },
  {
    "category":"Sniper 狐焰",
    "item":"披风 beta",
    "material":"惨爪龙的鳞",
    "rarity":"Uncommon.2",
    "amount":3
  },
  {
    "category":"Sniper 狐焰",
    "item":"披风 beta",
    "material":"雷狼龙的重壳",
    "rarity":"Uncommon.5",
    "amount":4
  },
  {
    "category":"Sniper 狐焰",
    "item":"肩甲 beta",
    "material":"怪物毛皮",
    "rarity":"Common.1",
    "amount":4
  },
  {
    "category":"Sniper 狐焰",
    "item":"肩甲 beta",
    "material":"惨爪龙的硬肌",
    "rarity":"Uncommon",
    "amount":3
  },
  {
    "category":"Sniper 狐焰",
    "item":"肩甲 beta",
    "material":"雷狼龙的雷电壳",
    "rarity":"Uncommon.4",
    "amount":2
  },
  {
    "category":"Sniper 狐焰",
    "item":"肩甲 beta",
    "material":"惨爪龙的厚鳞",
    "rarity":"Rare",
    "amount":1
  },
  {
    "category":"Sniper 狐焰",
    "item":"腕甲和护腿",
    "material":"怪物精华",
    "rarity":"Common",
    "amount":4
  },
  {
    "category":"Sniper 狐焰",
    "item":"腕甲和护腿",
    "material":"惨爪龙的重牙",
    "rarity":"Uncommon.1",
    "amount":3
  },
  {
    "category":"Sniper 狐焰",
    "item":"腕甲和护腿",
    "material":"惨爪龙的鳞",
    "rarity":"Uncommon.2",
    "amount":3
  },
  {
    "category":"Sniper 狐焰",
    "item":"腕甲和护腿",
    "material":"雷狼龙的高电毛",
    "rarity":"Uncommon.3",
    "amount":2
  },
  {
    "category":"Sniper 棱彩",
    "item":"步枪",
    "material":"怪物精华",
    "rarity":"Common",
    "amount":7
  },
  {
    "category":"Sniper 棱彩",
    "item":"步枪",
    "material":"怪物毛皮",
    "rarity":"Common.1",
    "amount":7
  },
  {
    "category":"Sniper 棱彩",
    "item":"步枪",
    "material":"惨爪龙的硬肌",
    "rarity":"Uncommon",
    "amount":4
  },
  {
    "category":"Sniper 棱彩",
    "item":"步枪",
    "material":"惨爪龙的重牙",
    "rarity":"Uncommon.1",
    "amount":4
  },
  {
    "category":"Sniper 棱彩",
    "item":"步枪",
    "material":"雷狼龙的高电毛",
    "rarity":"Uncommon.3",
    "amount":3
  },
  {
    "category":"Sniper 棱彩",
    "item":"步枪",
    "material":"惨爪龙的厚鳞",
    "rarity":"Rare",
    "amount":2
  },
  {
    "category":"Sniper 棱彩",
    "item":"步枪",
    "material":"惨爪龙的天鳞",
    "rarity":"Rare.1",
    "amount":4
  },
  {
    "category":"Sniper 棱彩",
    "item":"步枪",
    "material":"棱彩颜料",
    "rarity":"Super Rare.2",
    "amount":1
  },
  {
    "category":"Sniper 棱彩",
    "item":"头盔 beta",
    "material":"惨爪龙的重牙",
    "rarity":"Uncommon.1",
    "amount":4
  },
  {
    "category":"Sniper 棱彩",
    "item":"头盔 beta",
    "material":"惨爪龙的鳞",
    "rarity":"Uncommon.2",
    "amount":4
  },
  {
    "category":"Sniper 棱彩",
    "item":"头盔 beta",
    "material":"雷狼龙的雷电壳",
    "rarity":"Uncommon.4",
    "amount":3
  },
  {
    "category":"Sniper 棱彩",
    "item":"头盔 beta",
    "material":"惨爪龙的厚鳞",
    "rarity":"Rare",
    "amount":2
  },
  {
    "category":"Sniper 棱彩",
    "item":"头盔 beta",
    "material":"惨爪龙的天鳞",
    "rarity":"Rare.1",
    "amount":2
  },
  {
    "category":"Sniper 棱彩",
    "item":"头盔 beta",
    "material":"棱彩颜料",
    "rarity":"Super Rare.2",
    "amount":1
  },
  {
    "category":"Sniper 棱彩",
    "item":"披风 beta",
    "material":"怪物精华",
    "rarity":"Common",
    "amount":5
  },
  {
    "category":"Sniper 棱彩",
    "item":"披风 beta",
    "material":"怪物毛皮",
    "rarity":"Common.1",
    "amount":5
  },
  {
    "category":"Sniper 棱彩",
    "item":"披风 beta",
    "material":"惨爪龙的硬肌",
    "rarity":"Uncommon",
    "amount":4
  },
  {
    "category":"Sniper 棱彩",
    "item":"披风 beta",
    "material":"惨爪龙的鳞",
    "rarity":"Uncommon.2",
    "amount":4
  },
  {
    "category":"Sniper 棱彩",
    "item":"披风 beta",
    "material":"雷狼龙的重壳",
    "rarity":"Uncommon.5",
    "amount":6
  },
  {
    "category":"Sniper 棱彩",
    "item":"披风 beta",
    "material":"雷狼龙的刚角",
    "rarity":"Rare.2",
    "amount":3
  },
  {
    "category":"Sniper 棱彩",
    "item":"肩甲 beta",
    "material":"怪物毛皮",
    "rarity":"Common.1",
    "amount":5
  },
  {
    "category":"Sniper 棱彩",
    "item":"肩甲 beta",
    "material":"惨爪龙的硬肌",
    "rarity":"Uncommon",
    "amount":4
  },
  {
    "category":"Sniper 棱彩",
    "item":"肩甲 beta",
    "material":"雷狼龙的雷电壳",
    "rarity":"Uncommon.4",
    "amount":3
  },
  {
    "category":"Sniper 棱彩",
    "item":"肩甲 beta",
    "material":"惨爪龙的厚鳞",
    "rarity":"Rare",
    "amount":2
  },
  {
    "category":"Sniper 棱彩",
    "item":"肩甲 beta",
    "material":"雷狼龙的天玉",
    "rarity":"Rare.3",
    "amount":3
  },
  {
    "category":"Sniper 棱彩",
    "item":"腕甲和护腿",
    "material":"怪物精华",
    "rarity":"Common",
    "amount":5
  },
  {
    "category":"Sniper 棱彩",
    "item":"腕甲和护腿",
    "material":"惨爪龙的重牙",
    "rarity":"Uncommon.1",
    "amount":4
  },
  {
    "category":"Sniper 棱彩",
    "item":"腕甲和护腿",
    "material":"惨爪龙的鳞",
    "rarity":"Uncommon.2",
    "amount":4
  },
  {
    "category":"Sniper 棱彩",
    "item":"腕甲和护腿",
    "material":"雷狼龙的高电毛",
    "rarity":"Uncommon.3",
    "amount":3
  },
  {
    "category":"Techies 基础",
    "item":"坦克",
    "material":"怪物精华",
    "rarity":"Common",
    "amount":6
  },
  {
    "category":"Techies 基础",
    "item":"坦克",
    "material":"怪物毛皮",
    "rarity":"Common.1",
    "amount":6
  },
  {
    "category":"Techies 基础",
    "item":"坦克",
    "material":"大桶",
    "rarity":"Uncommon.15",
    "amount":4
  },
  {
    "category":"Techies 基础",
    "item":"坦克",
    "material":"火药粉",
    "rarity":"Uncommon.16",
    "amount":4
  },
  {
    "category":"Techies 基础",
    "item":"坦克",
    "material":"铁矿石",
    "rarity":"Uncommon.17",
    "amount":4
  },
  {
    "category":"Techies 基础",
    "item":"坦克",
    "material":"鬼硝化伞菇",
    "rarity":"Rare.11",
    "amount":2
  },
  {
    "category":"Techies 基础",
    "item":"粘性炸弹",
    "material":"大桶",
    "rarity":"Uncommon.15",
    "amount":4
  },
  {
    "category":"Techies 基础",
    "item":"粘性炸弹",
    "material":"火药粉",
    "rarity":"Uncommon.16",
    "amount":4
  },
  {
    "category":"Techies 基础",
    "item":"粘性炸弹",
    "material":"铁矿石",
    "rarity":"Uncommon.17",
    "amount":4
  },
  {
    "category":"Techies 基础",
    "item":"粘性炸弹",
    "material":"灾祸之布",
    "rarity":"Rare.10",
    "amount":1
  },
  {
    "category":"Techies 基础",
    "item":"粘性炸弹",
    "material":"鬼硝化伞菇",
    "rarity":"Rare.11",
    "amount":1
  },
  {
    "category":"Techies 基础",
    "item":"标志",
    "material":"怪物精华",
    "rarity":"Common",
    "amount":3
  },
  {
    "category":"Techies 基础",
    "item":"标志",
    "material":"怪物毛皮",
    "rarity":"Common.1",
    "amount":5
  },
  {
    "category":"Techies 基础",
    "item":"标志",
    "material":"大桶",
    "rarity":"Uncommon.15",
    "amount":3
  },
  {
    "category":"Techies 基础",
    "item":"标志",
    "material":"铁矿石",
    "rarity":"Uncommon.17",
    "amount":4
  },
  {
    "category":"Techies 基础",
    "item":"标志",
    "material":"灾祸之布",
    "rarity":"Rare.10",
    "amount":1
  },
  {
    "category":"Techies 基础",
    "item":"斯布恩",
    "material":"怪物毛皮",
    "rarity":"Common.1",
    "amount":5
  },
  {
    "category":"Techies 基础",
    "item":"斯布恩",
    "material":"大桶",
    "rarity":"Uncommon.15",
    "amount":4
  },
  {
    "category":"Techies 基础",
    "item":"斯布恩",
    "material":"火药粉",
    "rarity":"Uncommon.16",
    "amount":3
  },
  {
    "category":"Techies 基础",
    "item":"斯布恩",
    "material":"灾祸之布",
    "rarity":"Rare.10",
    "amount":1
  },
  {
    "category":"Techies 基础",
    "item":"斯布林",
    "material":"怪物精华",
    "rarity":"Common",
    "amount":5
  },
  {
    "category":"Techies 基础",
    "item":"斯布林",
    "material":"火药粉",
    "rarity":"Uncommon.16",
    "amount":3
  },
  {
    "category":"Techies 基础",
    "item":"斯布林",
    "material":"铁矿石",
    "rarity":"Uncommon.17",
    "amount":4
  },
  {
    "category":"Techies 基础",
    "item":"斯布林",
    "material":"灾祸之布",
    "rarity":"Rare.10",
    "amount":1
  },
  {
    "category":"Techies 基础",
    "item":"斯奎",
    "material":"怪物毛皮",
    "rarity":"Common.1",
    "amount":2
  },
  {
    "category":"Techies 基础",
    "item":"斯奎",
    "material":"大桶",
    "rarity":"Uncommon.15",
    "amount":4
  },
  {
    "category":"Techies 基础",
    "item":"斯奎",
    "material":"鬼硝化伞菇",
    "rarity":"Rare.11",
    "amount":1
  },
  {
    "category":"Techies 基础",
    "item":"大炮",
    "material":"怪物精华",
    "rarity":"Common",
    "amount":2
  },
  {
    "category":"Techies 毒液",
    "item":"坦克",
    "material":"怪物精华",
    "rarity":"Common",
    "amount":3
  },
  {
    "category":"Techies 毒液",
    "item":"坦克",
    "material":"大桶",
    "rarity":"Uncommon.15",
    "amount":3
  },
  {
    "category":"Techies 毒液",
    "item":"坦克",
    "material":"火药粉",
    "rarity":"Uncommon.16",
    "amount":3
  },
  {
    "category":"Techies 毒液",
    "item":"坦克",
    "material":"铁矿石",
    "rarity":"Uncommon.17",
    "amount":3
  },
  {
    "category":"Techies 毒液",
    "item":"坦克",
    "material":"灾祸之布",
    "rarity":"Rare.10",
    "amount":1
  },
  {
    "category":"Techies 毒液",
    "item":"坦克",
    "material":"鬼硝化伞菇",
    "rarity":"Rare.11",
    "amount":1
  },
  {
    "category":"Techies 毒液",
    "item":"斯布恩",
    "material":"怪物精华",
    "rarity":"Common",
    "amount":3
  },
  {
    "category":"Techies 毒液",
    "item":"斯布恩",
    "material":"怪物毛皮",
    "rarity":"Common.1",
    "amount":3
  },
  {
    "category":"Techies 毒液",
    "item":"斯布恩",
    "material":"大桶",
    "rarity":"Uncommon.15",
    "amount":3
  },
  {
    "category":"Techies 毒液",
    "item":"斯布恩",
    "material":"铁矿石",
    "rarity":"Uncommon.17",
    "amount":3
  },
  {
    "category":"Techies 毒液",
    "item":"斯布林",
    "material":"怪物毛皮",
    "rarity":"Common.1",
    "amount":3
  },
  {
    "category":"Techies 毒液",
    "item":"斯布林",
    "material":"火药粉",
    "rarity":"Uncommon.16",
    "amount":3
  },
  {
    "category":"Techies 毒液",
    "item":"斯布林",
    "material":"灾祸之布",
    "rarity":"Rare.10",
    "amount":1
  },
  {
    "category":"Techies 毒液",
    "item":"斯奎",
    "material":"怪物毛皮",
    "rarity":"Common.1",
    "amount":3
  },
  {
    "category":"Techies 毒液",
    "item":"斯奎",
    "material":"铁矿石",
    "rarity":"Uncommon.17",
    "amount":3
  },
  {
    "category":"Techies 毒液",
    "item":"斯奎",
    "material":"鬼硝化伞菇",
    "rarity":"Rare.11",
    "amount":1
  },
  {
    "category":"Techies 毒液",
    "item":"大炮",
    "material":"怪物精华",
    "rarity":"Common",
    "amount":3
  },
  {
    "category":"Techies 毒液",
    "item":"大炮",
    "material":"大桶",
    "rarity":"Uncommon.15",
    "amount":3
  },
  {
    "category":"Techies 毒液",
    "item":"大炮",
    "material":"火药粉",
    "rarity":"Uncommon.16",
    "amount":3
  },
  {
    "category":"Techies 夜魇",
    "item":"坦克",
    "material":"怪物精华",
    "rarity":"Common",
    "amount":4
  },
  {
    "category":"Techies 夜魇",
    "item":"坦克",
    "material":"麒麟的皮",
    "rarity":"Uncommon.10",
    "amount":2
  },
  {
    "category":"Techies 夜魇",
    "item":"坦克",
    "material":"大桶",
    "rarity":"Uncommon.15",
    "amount":3
  },
  {
    "category":"Techies 夜魇",
    "item":"坦克",
    "material":"火药粉",
    "rarity":"Uncommon.16",
    "amount":3
  },
  {
    "category":"Techies 夜魇",
    "item":"坦克",
    "material":"铁矿石",
    "rarity":"Uncommon.17",
    "amount":3
  },
  {
    "category":"Techies 夜魇",
    "item":"坦克",
    "material":"灾祸之布",
    "rarity":"Rare.10",
    "amount":2
  },
  {
    "category":"Techies 夜魇",
    "item":"坦克",
    "material":"鬼硝化伞菇",
    "rarity":"Rare.11",
    "amount":2
  },
  {
    "category":"Techies 夜魇",
    "item":"斯布恩",
    "material":"怪物精华",
    "rarity":"Common",
    "amount":4
  },
  {
    "category":"Techies 夜魇",
    "item":"斯布恩",
    "material":"怪物毛皮",
    "rarity":"Common.1",
    "amount":4
  },
  {
    "category":"Techies 夜魇",
    "item":"斯布恩",
    "material":"麒麟的鬃毛",
    "rarity":"Uncommon.11",
    "amount":2
  },
  {
    "category":"Techies 夜魇",
    "item":"斯布恩",
    "material":"大桶",
    "rarity":"Uncommon.15",
    "amount":3
  },
  {
    "category":"Techies 夜魇",
    "item":"斯布恩",
    "material":"铁矿石",
    "rarity":"Uncommon.17",
    "amount":3
  },
  {
    "category":"Techies 夜魇",
    "item":"斯布恩",
    "material":"灾祸之布",
    "rarity":"Rare.10",
    "amount":2
  },
  {
    "category":"Techies 夜魇",
    "item":"斯布林",
    "material":"怪物精华",
    "rarity":"Common",
    "amount":4
  },
  {
    "category":"Techies 夜魇",
    "item":"斯布林",
    "material":"怪物毛皮",
    "rarity":"Common.1",
    "amount":4
  },
  {
    "category":"Techies 夜魇",
    "item":"斯布林",
    "material":"麒麟的雷角",
    "rarity":"Uncommon.9",
    "amount":2
  },
  {
    "category":"Techies 夜魇",
    "item":"斯布林",
    "material":"麒麟的鬃毛",
    "rarity":"Uncommon.11",
    "amount":2
  },
  {
    "category":"Techies 夜魇",
    "item":"斯布林",
    "material":"太古大骨",
    "rarity":"Uncommon.12",
    "amount":2
  },
  {
    "category":"Techies 夜魇",
    "item":"斯布林",
    "material":"火药粉",
    "rarity":"Uncommon.16",
    "amount":3
  },
  {
    "category":"Techies 夜魇",
    "item":"斯布林",
    "material":"鬼硝化伞菇",
    "rarity":"Rare.11",
    "amount":1
  },
  {
    "category":"Techies 夜魇",
    "item":"斯奎",
    "material":"怪物毛皮",
    "rarity":"Common.1",
    "amount":4
  },
  {
    "category":"Techies 夜魇",
    "item":"斯奎",
    "material":"麒麟的皮",
    "rarity":"Uncommon.10",
    "amount":2
  },
  {
    "category":"Techies 夜魇",
    "item":"斯奎",
    "material":"铁矿石",
    "rarity":"Uncommon.17",
    "amount":3
  },
  {
    "category":"Techies 夜魇",
    "item":"斯奎",
    "material":"鬼硝化伞菇",
    "rarity":"Rare.11",
    "amount":1
  },
  {
    "category":"Techies 夜魇",
    "item":"大炮",
    "material":"麒麟的鬃毛",
    "rarity":"Uncommon.11",
    "amount":2
  },
  {
    "category":"Techies 夜魇",
    "item":"大炮",
    "material":"大桶",
    "rarity":"Uncommon.15",
    "amount":3
  },
  {
    "category":"Techies 夜魇",
    "item":"大炮",
    "material":"火药粉",
    "rarity":"Uncommon.16",
    "amount":3
  },
  {
    "category":"Techies 棱彩",
    "item":"坦克",
    "material":"怪物精华",
    "rarity":"Common",
    "amount":5
  },
  {
    "category":"Techies 棱彩",
    "item":"坦克",
    "material":"麒麟的皮",
    "rarity":"Uncommon.10",
    "amount":4
  },
  {
    "category":"Techies 棱彩",
    "item":"坦克",
    "material":"大桶",
    "rarity":"Uncommon.15",
    "amount":5
  },
  {
    "category":"Techies 棱彩",
    "item":"坦克",
    "material":"火药粉",
    "rarity":"Uncommon.16",
    "amount":5
  },
  {
    "category":"Techies 棱彩",
    "item":"坦克",
    "material":"铁矿石",
    "rarity":"Uncommon.17",
    "amount":5
  },
  {
    "category":"Techies 棱彩",
    "item":"坦克",
    "material":"灾祸之布",
    "rarity":"Rare.10",
    "amount":3
  },
  {
    "category":"Techies 棱彩",
    "item":"坦克",
    "material":"鬼硝化伞菇",
    "rarity":"Rare.11",
    "amount":2
  },
  {
    "category":"Techies 棱彩",
    "item":"坦克",
    "material":"棱彩颜料",
    "rarity":"Super Rare.2",
    "amount":1
  },
  {
    "category":"Techies 棱彩",
    "item":"斯布恩",
    "material":"怪物精华",
    "rarity":"Common",
    "amount":5
  },
  {
    "category":"Techies 棱彩",
    "item":"斯布恩",
    "material":"怪物毛皮",
    "rarity":"Common.1",
    "amount":5
  },
  {
    "category":"Techies 棱彩",
    "item":"斯布恩",
    "material":"麒麟的鬃毛",
    "rarity":"Uncommon.11",
    "amount":4
  },
  {
    "category":"Techies 棱彩",
    "item":"斯布恩",
    "material":"大桶",
    "rarity":"Uncommon.15",
    "amount":5
  },
  {
    "category":"Techies 棱彩",
    "item":"斯布恩",
    "material":"铁矿石",
    "rarity":"Uncommon.17",
    "amount":5
  },
  {
    "category":"Techies 棱彩",
    "item":"斯布恩",
    "material":"灾祸之布",
    "rarity":"Rare.10",
    "amount":3
  },
  {
    "category":"Techies 棱彩",
    "item":"斯布恩",
    "material":"棱彩颜料",
    "rarity":"Super Rare.2",
    "amount":1
  },
  {
    "category":"Techies 棱彩",
    "item":"斯布林",
    "material":"怪物精华",
    "rarity":"Common",
    "amount":5
  },
  {
    "category":"Techies 棱彩",
    "item":"斯布林",
    "material":"怪物毛皮",
    "rarity":"Common.1",
    "amount":5
  },
  {
    "category":"Techies 棱彩",
    "item":"斯布林",
    "material":"麒麟的雷角",
    "rarity":"Uncommon.9",
    "amount":4
  },
  {
    "category":"Techies 棱彩",
    "item":"斯布林",
    "material":"麒麟的鬃毛",
    "rarity":"Uncommon.11",
    "amount":4
  },
  {
    "category":"Techies 棱彩",
    "item":"斯布林",
    "material":"火药粉",
    "rarity":"Uncommon.16",
    "amount":5
  },
  {
    "category":"Techies 棱彩",
    "item":"斯布林",
    "material":"麒麟的苍角",
    "rarity":"Rare.6",
    "amount":3
  },
  {
    "category":"Techies 棱彩",
    "item":"斯布林",
    "material":"鬼硝化伞菇",
    "rarity":"Rare.11",
    "amount":2
  },
  {
    "category":"Techies 棱彩",
    "item":"斯奎",
    "material":"怪物毛皮",
    "rarity":"Common.1",
    "amount":5
  },
  {
    "category":"Techies 棱彩",
    "item":"斯奎",
    "material":"麒麟的皮",
    "rarity":"Uncommon.10",
    "amount":4
  },
  {
    "category":"Techies 棱彩",
    "item":"斯奎",
    "material":"铁矿石",
    "rarity":"Uncommon.17",
    "amount":5
  },
  {
    "category":"Techies 棱彩",
    "item":"斯奎",
    "material":"古龙的大宝玉",
    "rarity":"Rare.7",
    "amount":3
  },
  {
    "category":"Techies 棱彩",
    "item":"斯奎",
    "material":"鬼硝化伞菇",
    "rarity":"Rare.11",
    "amount":2
  },
  {
    "category":"Techies 棱彩",
    "item":"大炮",
    "material":"麒麟的鬃毛",
    "rarity":"Uncommon.11",
    "amount":4
  },
  {
    "category":"Techies 棱彩",
    "item":"大炮",
    "material":"大桶",
    "rarity":"Uncommon.15",
    "amount":5
  },
  {
    "category":"Techies 棱彩",
    "item":"大炮",
    "material":"火药粉",
    "rarity":"Uncommon.16",
    "amount":5
  },
  {
    "category":"AntiMage 基础",
    "item":"服饰和腰环",
    "material":"怪物毛皮",
    "rarity":"Common.1",
    "amount":6
  },
  {
    "category":"AntiMage 基础",
    "item":"服饰和腰环",
    "material":"怪物爪子",
    "rarity":"Common.2",
    "amount":6
  },
  {
    "category":"AntiMage 基础",
    "item":"服饰和腰环",
    "material":"麒麟的皮",
    "rarity":"Uncommon.10",
    "amount":4
  },
  {
    "category":"AntiMage 基础",
    "item":"服饰和腰环",
    "material":"麒麟的鬃毛",
    "rarity":"Uncommon.11",
    "amount":4
  },
  {
    "category":"AntiMage 基础",
    "item":"服饰和腰环",
    "material":"古龙的大宝玉",
    "rarity":"Rare.7",
    "amount":2
  },
  {
    "category":"AntiMage 基础",
    "item":"双雷剑",
    "material":"怪物毛皮",
    "rarity":"Common.1",
    "amount":5
  },
  {
    "category":"AntiMage 基础",
    "item":"双雷剑",
    "material":"麒麟的雷角",
    "rarity":"Uncommon.9",
    "amount":3
  },
  {
    "category":"AntiMage 基础",
    "item":"双雷剑",
    "material":"麒麟的鬃毛",
    "rarity":"Uncommon.11",
    "amount":3
  },
  {
    "category":"AntiMage 基础",
    "item":"双雷剑",
    "material":"麒麟的苍角",
    "rarity":"Rare.6",
    "amount":2
  },
  {
    "category":"AntiMage 基础",
    "item":"双雷剑 副手",
    "material":"怪物爪子",
    "rarity":"Common.2",
    "amount":5
  },
  {
    "category":"AntiMage 基础",
    "item":"双雷剑 副手",
    "material":"麒麟的皮",
    "rarity":"Uncommon.10",
    "amount":3
  },
  {
    "category":"AntiMage 基础",
    "item":"双雷剑 副手",
    "material":"麒麟的鬃毛",
    "rarity":"Uncommon.11",
    "amount":3
  },
  {
    "category":"AntiMage 基础",
    "item":"双雷剑 副手",
    "material":"麒麟的苍角",
    "rarity":"Rare.6",
    "amount":2
  },
  {
    "category":"AntiMage 基础",
    "item":"麒麟角",
    "material":"怪物毛皮",
    "rarity":"Common.1",
    "amount":5
  },
  {
    "category":"AntiMage 基础",
    "item":"麒麟角",
    "material":"怪物爪子",
    "rarity":"Common.2",
    "amount":5
  },
  {
    "category":"AntiMage 基础",
    "item":"麒麟角",
    "material":"麒麟的雷角",
    "rarity":"Uncommon.9",
    "amount":2
  },
  {
    "category":"AntiMage 基础",
    "item":"麒麟角",
    "material":"古龙的大宝玉",
    "rarity":"Rare.7",
    "amount":2
  },
  {
    "category":"AntiMage 基础",
    "item":"高徒正道",
    "material":"麒麟的雷角",
    "rarity":"Uncommon.9",
    "amount":2
  },
  {
    "category":"AntiMage 基础",
    "item":"高徒正道",
    "material":"麒麟的皮",
    "rarity":"Uncommon.10",
    "amount":2
  },
  {
    "category":"AntiMage 基础",
    "item":"高徒正道",
    "material":"麒麟的鬃毛",
    "rarity":"Uncommon.11",
    "amount":2
  },
  {
    "category":"AntiMage 冰川残骸",
    "item":"服饰和腰环",
    "material":"怪物毛皮",
    "rarity":"Common.1",
    "amount":3
  },
  {
    "category":"AntiMage 冰川残骸",
    "item":"服饰和腰环",
    "material":"怪物爪子",
    "rarity":"Common.2",
    "amount":3
  },
  {
    "category":"AntiMage 冰川残骸",
    "item":"服饰和腰环",
    "material":"麒麟的皮",
    "rarity":"Uncommon.10",
    "amount":3
  },
  {
    "category":"AntiMage 冰川残骸",
    "item":"服饰和腰环",
    "material":"麒麟的鬃毛",
    "rarity":"Uncommon.11",
    "amount":3
  },
  {
    "category":"AntiMage 冰川残骸",
    "item":"双雷剑",
    "material":"怪物毛皮",
    "rarity":"Common.1",
    "amount":3
  },
  {
    "category":"AntiMage 冰川残骸",
    "item":"双雷剑",
    "material":"麒麟的雷角",
    "rarity":"Uncommon.9",
    "amount":3
  },
  {
    "category":"AntiMage 冰川残骸",
    "item":"双雷剑",
    "material":"麒麟的鬃毛",
    "rarity":"Uncommon.11",
    "amount":3
  },
  {
    "category":"AntiMage 冰川残骸",
    "item":"双雷剑",
    "material":"麒麟的苍角",
    "rarity":"Rare.6",
    "amount":1
  },
  {
    "category":"AntiMage 冰川残骸",
    "item":"双雷剑",
    "material":"古龙的大宝玉",
    "rarity":"Rare.7",
    "amount":2
  },
  {
    "category":"AntiMage 冰川残骸",
    "item":"双雷剑 副手",
    "material":"怪物爪子",
    "rarity":"Common.2",
    "amount":3
  },
  {
    "category":"AntiMage 冰川残骸",
    "item":"双雷剑 副手",
    "material":"麒麟的雷角",
    "rarity":"Uncommon.9",
    "amount":3
  },
  {
    "category":"AntiMage 冰川残骸",
    "item":"双雷剑 副手",
    "material":"麒麟的皮",
    "rarity":"Uncommon.10",
    "amount":3
  },
  {
    "category":"AntiMage 冰川残骸",
    "item":"双雷剑 副手",
    "material":"麒麟的苍角",
    "rarity":"Rare.6",
    "amount":1
  },
  {
    "category":"AntiMage 冰川残骸",
    "item":"麒麟角",
    "material":"麒麟的雷角",
    "rarity":"Uncommon.9",
    "amount":3
  },
  {
    "category":"AntiMage 金色",
    "item":"服饰和腰环",
    "material":"怪物毛皮",
    "rarity":"Common.1",
    "amount":4
  },
  {
    "category":"AntiMage 金色",
    "item":"服饰和腰环",
    "material":"怪物爪子",
    "rarity":"Common.2",
    "amount":4
  },
  {
    "category":"AntiMage 金色",
    "item":"服饰和腰环",
    "material":"火龙的坚壳",
    "rarity":"Uncommon.6",
    "amount":4
  },
  {
    "category":"AntiMage 金色",
    "item":"服饰和腰环",
    "material":"麒麟的皮",
    "rarity":"Uncommon.10",
    "amount":3
  },
  {
    "category":"AntiMage 金色",
    "item":"服饰和腰环",
    "material":"麒麟的鬃毛",
    "rarity":"Uncommon.11",
    "amount":3
  },
  {
    "category":"AntiMage 金色",
    "item":"服饰和腰环",
    "material":"古龙的大宝玉",
    "rarity":"Rare.7",
    "amount":2
  },
  {
    "category":"AntiMage 金色",
    "item":"双雷剑",
    "material":"怪物毛皮",
    "rarity":"Common.1",
    "amount":4
  },
  {
    "category":"AntiMage 金色",
    "item":"双雷剑",
    "material":"火龙的尾巴",
    "rarity":"Uncommon.8",
    "amount":4
  },
  {
    "category":"AntiMage 金色",
    "item":"双雷剑",
    "material":"麒麟的雷角",
    "rarity":"Uncommon.9",
    "amount":3
  },
  {
    "category":"AntiMage 金色",
    "item":"双雷剑",
    "material":"麒麟的皮",
    "rarity":"Uncommon.10",
    "amount":3
  },
  {
    "category":"AntiMage 金色",
    "item":"双雷剑",
    "material":"麒麟的苍角",
    "rarity":"Rare.6",
    "amount":1
  },
  {
    "category":"AntiMage 金色",
    "item":"双雷剑 副手",
    "material":"怪物爪子",
    "rarity":"Common.2",
    "amount":4
  },
  {
    "category":"AntiMage 金色",
    "item":"双雷剑 副手",
    "material":"火龙的翅膀",
    "rarity":"Uncommon.7",
    "amount":4
  },
  {
    "category":"AntiMage 金色",
    "item":"双雷剑 副手",
    "material":"麒麟的雷角",
    "rarity":"Uncommon.9",
    "amount":3
  },
  {
    "category":"AntiMage 金色",
    "item":"双雷剑 副手",
    "material":"麒麟的皮",
    "rarity":"Uncommon.10",
    "amount":3
  },
  {
    "category":"AntiMage 金色",
    "item":"双雷剑 副手",
    "material":"麒麟的苍角",
    "rarity":"Rare.6",
    "amount":1
  },
  {
    "category":"AntiMage 金色",
    "item":"麒麟角",
    "material":"麒麟的雷角",
    "rarity":"Uncommon.9",
    "amount":4
  },
  {
    "category":"AntiMage 金色",
    "item":"麒麟角",
    "material":"麒麟的苍角",
    "rarity":"Rare.6",
    "amount":1
  },
  {
    "category":"AntiMage 金色",
    "item":"麒麟角",
    "material":"古龙的大宝玉",
    "rarity":"Rare.7",
    "amount":1
  },
  {
    "category":"AntiMage 棱彩",
    "item":"服饰和腰环",
    "material":"怪物毛皮",
    "rarity":"Common.1",
    "amount":10
  },
  {
    "category":"AntiMage 棱彩",
    "item":"服饰和腰环",
    "material":"怪物爪子",
    "rarity":"Common.2",
    "amount":5
  },
  {
    "category":"AntiMage 棱彩",
    "item":"服饰和腰环",
    "material":"火龙的坚壳",
    "rarity":"Uncommon.6",
    "amount":6
  },
  {
    "category":"AntiMage 棱彩",
    "item":"服饰和腰环",
    "material":"麒麟的皮",
    "rarity":"Uncommon.10",
    "amount":4
  },
  {
    "category":"AntiMage 棱彩",
    "item":"服饰和腰环",
    "material":"麒麟的鬃毛",
    "rarity":"Uncommon.11",
    "amount":4
  },
  {
    "category":"AntiMage 棱彩",
    "item":"服饰和腰环",
    "material":"火龙的红玉",
    "rarity":"Rare.4",
    "amount":2
  },
  {
    "category":"AntiMage 棱彩",
    "item":"服饰和腰环",
    "material":"古龙的大宝玉",
    "rarity":"Rare.7",
    "amount":4
  },
  {
    "category":"AntiMage 棱彩",
    "item":"双雷剑",
    "material":"怪物毛皮",
    "rarity":"Common.1",
    "amount":5
  },
  {
    "category":"AntiMage 棱彩",
    "item":"双雷剑",
    "material":"火龙的尾巴",
    "rarity":"Uncommon.8",
    "amount":6
  },
  {
    "category":"AntiMage 棱彩",
    "item":"双雷剑",
    "material":"麒麟的雷角",
    "rarity":"Uncommon.9",
    "amount":4
  },
  {
    "category":"AntiMage 棱彩",
    "item":"双雷剑",
    "material":"麒麟的鬃毛",
    "rarity":"Uncommon.11",
    "amount":4
  },
  {
    "category":"AntiMage 棱彩",
    "item":"双雷剑",
    "material":"麒麟的苍角",
    "rarity":"Rare.6",
    "amount":2
  },
  {
    "category":"AntiMage 棱彩",
    "item":"双雷剑",
    "material":"棱彩颜料",
    "rarity":"Super Rare.2",
    "amount":1
  },
  {
    "category":"AntiMage 棱彩",
    "item":"双雷剑 副手",
    "material":"怪物爪子",
    "rarity":"Common.2",
    "amount":5
  },
  {
    "category":"AntiMage 棱彩",
    "item":"双雷剑 副手",
    "material":"火龙的翅膀",
    "rarity":"Uncommon.7",
    "amount":6
  },
  {
    "category":"AntiMage 棱彩",
    "item":"双雷剑 副手",
    "material":"麒麟的雷角",
    "rarity":"Uncommon.9",
    "amount":4
  },
  {
    "category":"AntiMage 棱彩",
    "item":"双雷剑 副手",
    "material":"麒麟的皮",
    "rarity":"Uncommon.10",
    "amount":4
  },
  {
    "category":"AntiMage 棱彩",
    "item":"双雷剑 副手",
    "material":"麒麟的苍角",
    "rarity":"Rare.6",
    "amount":2
  },
  {
    "category":"AntiMage 棱彩",
    "item":"双雷剑 副手",
    "material":"棱彩颜料",
    "rarity":"Super Rare.2",
    "amount":1
  },
  {
    "category":"AntiMage 棱彩",
    "item":"麒麟角",
    "material":"怪物爪子",
    "rarity":"Common.2",
    "amount":5
  },
  {
    "category":"AntiMage 棱彩",
    "item":"麒麟角",
    "material":"麒麟的雷角",
    "rarity":"Uncommon.9",
    "amount":4
  },
  {
    "category":"AntiMage 棱彩",
    "item":"麒麟角",
    "material":"火龙的逆鳞",
    "rarity":"Rare.5",
    "amount":2
  },
  {
    "category":"AntiMage 棱彩",
    "item":"麒麟角",
    "material":"麒麟的苍角",
    "rarity":"Rare.6",
    "amount":2
  },
  {
    "category":"AntiMage 棱彩",
    "item":"麒麟角",
    "material":"古龙的大宝玉",
    "rarity":"Rare.7",
    "amount":2
  },
  {
    "category":"DragonKnight 基础",
    "item":"锐剑",
    "material":"怪物精华",
    "rarity":"Common",
    "amount":6
  },
  {
    "category":"DragonKnight 基础",
    "item":"锐剑",
    "material":"怪物爪子",
    "rarity":"Common.2",
    "amount":6
  },
  {
    "category":"DragonKnight 基础",
    "item":"锐剑",
    "material":"火龙的翅膀",
    "rarity":"Uncommon.7",
    "amount":4
  },
  {
    "category":"DragonKnight 基础",
    "item":"锐剑",
    "material":"火龙的尾巴",
    "rarity":"Uncommon.8",
    "amount":4
  },
  {
    "category":"DragonKnight 基础",
    "item":"锐剑",
    "material":"火龙的红玉",
    "rarity":"Rare.4",
    "amount":2
  },
  {
    "category":"DragonKnight 基础",
    "item":"锐剑",
    "material":"火龙的逆鳞",
    "rarity":"Rare.5",
    "amount":2
  },
  {
    "category":"DragonKnight 基础",
    "item":"盾",
    "material":"怪物精华",
    "rarity":"Common",
    "amount":6
  },
  {
    "category":"DragonKnight 基础",
    "item":"盾",
    "material":"怪物爪子",
    "rarity":"Common.2",
    "amount":6
  },
  {
    "category":"DragonKnight 基础",
    "item":"盾",
    "material":"火龙的坚壳",
    "rarity":"Uncommon.6",
    "amount":3
  },
  {
    "category":"DragonKnight 基础",
    "item":"盾",
    "material":"火龙的翅膀",
    "rarity":"Uncommon.7",
    "amount":4
  },
  {
    "category":"DragonKnight 基础",
    "item":"盾",
    "material":"火龙的尾巴",
    "rarity":"Uncommon.8",
    "amount":4
  },
  {
    "category":"DragonKnight 基础",
    "item":"火龙肩甲",
    "material":"怪物精华",
    "rarity":"Common",
    "amount":5
  },
  {
    "category":"DragonKnight 基础",
    "item":"火龙肩甲",
    "material":"怪物爪子",
    "rarity":"Common.2",
    "amount":5
  },
  {
    "category":"DragonKnight 基础",
    "item":"火龙肩甲",
    "material":"火龙的坚壳",
    "rarity":"Uncommon.6",
    "amount":3
  },
  {
    "category":"DragonKnight 基础",
    "item":"火龙肩甲",
    "material":"火龙的逆鳞",
    "rarity":"Rare.5",
    "amount":2
  },
  {
    "category":"DragonKnight 基础",
    "item":"火龙头盔",
    "material":"火龙的翅膀",
    "rarity":"Uncommon.7",
    "amount":3
  },
  {
    "category":"DragonKnight 基础",
    "item":"火龙头盔",
    "material":"火龙的尾巴",
    "rarity":"Uncommon.8",
    "amount":3
  },
  {
    "category":"DragonKnight 基础",
    "item":"火龙头盔",
    "material":"火龙的红玉",
    "rarity":"Rare.4",
    "amount":2
  },
  {
    "category":"DragonKnight 基础",
    "item":"火龙腰甲和护腿",
    "material":"怪物精华",
    "rarity":"Common",
    "amount":5
  },
  {
    "category":"DragonKnight 基础",
    "item":"火龙腰甲和护腿",
    "material":"火龙的坚壳",
    "rarity":"Uncommon.6",
    "amount":4
  },
  {
    "category":"DragonKnight 基础",
    "item":"火龙腕甲",
    "material":"怪物爪子",
    "rarity":"Common.2",
    "amount":2
  },
  {
    "category":"DragonKnight 帝国",
    "item":"锐剑",
    "material":"怪物精华",
    "rarity":"Common",
    "amount":4
  },
  {
    "category":"DragonKnight 帝国",
    "item":"锐剑",
    "material":"怪物爪子",
    "rarity":"Common.2",
    "amount":4
  },
  {
    "category":"DragonKnight 帝国",
    "item":"锐剑",
    "material":"火龙的翅膀",
    "rarity":"Uncommon.7",
    "amount":3
  },
  {
    "category":"DragonKnight 帝国",
    "item":"锐剑",
    "material":"火龙的尾巴",
    "rarity":"Uncommon.8",
    "amount":3
  },
  {
    "category":"DragonKnight 帝国",
    "item":"锐剑",
    "material":"火龙的逆鳞",
    "rarity":"Rare.5",
    "amount":1
  },
  {
    "category":"DragonKnight 帝国",
    "item":"盾",
    "material":"怪物精华",
    "rarity":"Common",
    "amount":4
  },
  {
    "category":"DragonKnight 帝国",
    "item":"盾",
    "material":"怪物爪子",
    "rarity":"Common.2",
    "amount":4
  },
  {
    "category":"DragonKnight 帝国",
    "item":"盾",
    "material":"火龙的坚壳",
    "rarity":"Uncommon.6",
    "amount":3
  },
  {
    "category":"DragonKnight 帝国",
    "item":"盾",
    "material":"火龙的红玉",
    "rarity":"Rare.4",
    "amount":1
  },
  {
    "category":"DragonKnight 帝国",
    "item":"火龙肩甲",
    "material":"怪物爪子",
    "rarity":"Common.2",
    "amount":4
  },
  {
    "category":"DragonKnight 帝国",
    "item":"火龙肩甲",
    "material":"火龙的坚壳",
    "rarity":"Uncommon.6",
    "amount":3
  },
  {
    "category":"DragonKnight 帝国",
    "item":"火龙肩甲",
    "material":"火龙的尾巴",
    "rarity":"Uncommon.8",
    "amount":3
  },
  {
    "category":"DragonKnight 帝国",
    "item":"火龙肩甲",
    "material":"火龙的逆鳞",
    "rarity":"Rare.5",
    "amount":1
  },
  {
    "category":"DragonKnight 帝国",
    "item":"火龙头盔",
    "material":"火龙的翅膀",
    "rarity":"Uncommon.7",
    "amount":3
  },
  {
    "category":"DragonKnight 帝国",
    "item":"火龙头盔",
    "material":"火龙的红玉",
    "rarity":"Rare.4",
    "amount":1
  },
  {
    "category":"DragonKnight 帝国",
    "item":"火龙腰甲和护腿",
    "material":"怪物精华",
    "rarity":"Common",
    "amount":4
  },
  {
    "category":"DragonKnight 帝国",
    "item":"火龙腰甲和护腿",
    "material":"火龙的翅膀",
    "rarity":"Uncommon.7",
    "amount":3
  },
  {
    "category":"DragonKnight 帝国",
    "item":"火龙腕甲",
    "material":"火龙的坚壳",
    "rarity":"Uncommon.6",
    "amount":3
  },
  {
    "category":"DragonKnight 深海",
    "item":"锐剑",
    "material":"怪物精华",
    "rarity":"Common",
    "amount":3
  },
  {
    "category":"DragonKnight 深海",
    "item":"锐剑",
    "material":"怪物爪子",
    "rarity":"Common.2",
    "amount":3
  },
  {
    "category":"DragonKnight 深海",
    "item":"锐剑",
    "material":"火龙的翅膀",
    "rarity":"Uncommon.7",
    "amount":3
  },
  {
    "category":"DragonKnight 深海",
    "item":"锐剑",
    "material":"火龙的尾巴",
    "rarity":"Uncommon.8",
    "amount":3
  },
  {
    "category":"DragonKnight 深海",
    "item":"锐剑",
    "material":"野猪的头",
    "rarity":"Uncommon.14",
    "amount":2
  },
  {
    "category":"DragonKnight 深海",
    "item":"锐剑",
    "material":"火龙的红玉",
    "rarity":"Rare.4",
    "amount":2
  },
  {
    "category":"DragonKnight 深海",
    "item":"锐剑",
    "material":"火龙的逆鳞",
    "rarity":"Rare.5",
    "amount":2
  },
  {
    "category":"DragonKnight 深海",
    "item":"盾",
    "material":"怪物精华",
    "rarity":"Common",
    "amount":3
  },
  {
    "category":"DragonKnight 深海",
    "item":"盾",
    "material":"怪物爪子",
    "rarity":"Common.2",
    "amount":3
  },
  {
    "category":"DragonKnight 深海",
    "item":"盾",
    "material":"火龙的坚壳",
    "rarity":"Uncommon.6",
    "amount":3
  },
  {
    "category":"DragonKnight 深海",
    "item":"盾",
    "material":"火龙的翅膀",
    "rarity":"Uncommon.7",
    "amount":3
  },
  {
    "category":"DragonKnight 深海",
    "item":"盾",
    "material":"火龙的尾巴",
    "rarity":"Uncommon.8",
    "amount":3
  },
  {
    "category":"DragonKnight 深海",
    "item":"盾",
    "material":"冠突龙的甲壳",
    "rarity":"Uncommon.13",
    "amount":2
  },
  {
    "category":"DragonKnight 深海",
    "item":"火龙肩甲",
    "material":"怪物精华",
    "rarity":"Common",
    "amount":3
  },
  {
    "category":"DragonKnight 深海",
    "item":"火龙肩甲",
    "material":"怪物爪子",
    "rarity":"Common.2",
    "amount":3
  },
  {
    "category":"DragonKnight 深海",
    "item":"火龙肩甲",
    "material":"火龙的坚壳",
    "rarity":"Uncommon.6",
    "amount":3
  },
  {
    "category":"DragonKnight 深海",
    "item":"火龙肩甲",
    "material":"冠突龙的甲壳",
    "rarity":"Uncommon.13",
    "amount":2
  },
  {
    "category":"DragonKnight 深海",
    "item":"火龙肩甲",
    "material":"火龙的逆鳞",
    "rarity":"Rare.5",
    "amount":2
  },
  {
    "category":"DragonKnight 深海",
    "item":"火龙头盔",
    "material":"火龙的翅膀",
    "rarity":"Uncommon.7",
    "amount":3
  },
  {
    "category":"DragonKnight 深海",
    "item":"火龙头盔",
    "material":"火龙的尾巴",
    "rarity":"Uncommon.8",
    "amount":3
  },
  {
    "category":"DragonKnight 深海",
    "item":"火龙头盔",
    "material":"太古大骨",
    "rarity":"Uncommon.12",
    "amount":2
  },
  {
    "category":"DragonKnight 深海",
    "item":"火龙头盔",
    "material":"火龙的红玉",
    "rarity":"Rare.4",
    "amount":2
  },
  {
    "category":"DragonKnight 深海",
    "item":"火龙腰甲和护腿",
    "material":"怪物精华",
    "rarity":"Common",
    "amount":3
  },
  {
    "category":"DragonKnight 深海",
    "item":"火龙腰甲和护腿",
    "material":"火龙的翅膀",
    "rarity":"Uncommon.7",
    "amount":3
  },
  {
    "category":"DragonKnight 深海",
    "item":"火龙腰甲和护腿",
    "material":"野猪的头",
    "rarity":"Uncommon.14",
    "amount":2
  },
  {
    "category":"DragonKnight 深海",
    "item":"火龙腕甲",
    "material":"火龙的坚壳",
    "rarity":"Uncommon.6",
    "amount":5
  },
  {
    "category":"DragonKnight 深海",
    "item":"火龙腕甲",
    "material":"太古大骨",
    "rarity":"Uncommon.12",
    "amount":2
  },
  {
    "category":"DragonKnight 棱彩",
    "item":"锐剑",
    "material":"怪物精华",
    "rarity":"Common",
    "amount":5
  },
  {
    "category":"DragonKnight 棱彩",
    "item":"锐剑",
    "material":"怪物爪子",
    "rarity":"Common.2",
    "amount":5
  },
  {
    "category":"DragonKnight 棱彩",
    "item":"锐剑",
    "material":"火龙的翅膀",
    "rarity":"Uncommon.7",
    "amount":4
  },
  {
    "category":"DragonKnight 棱彩",
    "item":"锐剑",
    "material":"火龙的尾巴",
    "rarity":"Uncommon.8",
    "amount":4
  },
  {
    "category":"DragonKnight 棱彩",
    "item":"锐剑",
    "material":"野猪的头",
    "rarity":"Uncommon.14",
    "amount":4
  },
  {
    "category":"DragonKnight 棱彩",
    "item":"锐剑",
    "material":"火龙的红玉",
    "rarity":"Rare.4",
    "amount":2
  },
  {
    "category":"DragonKnight 棱彩",
    "item":"锐剑",
    "material":"火龙的逆鳞",
    "rarity":"Rare.5",
    "amount":4
  },
  {
    "category":"DragonKnight 棱彩",
    "item":"锐剑",
    "material":"棱彩颜料",
    "rarity":"Super Rare.2",
    "amount":1
  },
  {
    "category":"DragonKnight 棱彩",
    "item":"盾",
    "material":"怪物精华",
    "rarity":"Common",
    "amount":5
  },
  {
    "category":"DragonKnight 棱彩",
    "item":"盾",
    "material":"怪物爪子",
    "rarity":"Common.2",
    "amount":5
  },
  {
    "category":"DragonKnight 棱彩",
    "item":"盾",
    "material":"火龙的坚壳",
    "rarity":"Uncommon.6",
    "amount":4
  },
  {
    "category":"DragonKnight 棱彩",
    "item":"盾",
    "material":"火龙的翅膀",
    "rarity":"Uncommon.7",
    "amount":4
  },
  {
    "category":"DragonKnight 棱彩",
    "item":"盾",
    "material":"火龙的尾巴",
    "rarity":"Uncommon.8",
    "amount":4
  },
  {
    "category":"DragonKnight 棱彩",
    "item":"盾",
    "material":"冠突龙的甲壳",
    "rarity":"Uncommon.13",
    "amount":4
  },
  {
    "category":"DragonKnight 棱彩",
    "item":"盾",
    "material":"棱彩颜料",
    "rarity":"Super Rare.2",
    "amount":1
  },
  {
    "category":"DragonKnight 棱彩",
    "item":"火龙肩甲",
    "material":"怪物精华",
    "rarity":"Common",
    "amount":5
  },
  {
    "category":"DragonKnight 棱彩",
    "item":"火龙肩甲",
    "material":"怪物爪子",
    "rarity":"Common.2",
    "amount":5
  },
  {
    "category":"DragonKnight 棱彩",
    "item":"火龙肩甲",
    "material":"火龙的坚壳",
    "rarity":"Uncommon.6",
    "amount":4
  },
  {
    "category":"DragonKnight 棱彩",
    "item":"火龙肩甲",
    "material":"冠突龙的甲壳",
    "rarity":"Uncommon.13",
    "amount":4
  },
  {
    "category":"DragonKnight 棱彩",
    "item":"火龙肩甲",
    "material":"火龙的逆鳞",
    "rarity":"Rare.5",
    "amount":2
  },
  {
    "category":"DragonKnight 棱彩",
    "item":"火龙头盔",
    "material":"火龙的翅膀",
    "rarity":"Uncommon.7",
    "amount":4
  },
  {
    "category":"DragonKnight 棱彩",
    "item":"火龙头盔",
    "material":"火龙的尾巴",
    "rarity":"Uncommon.8",
    "amount":4
  },
  {
    "category":"DragonKnight 棱彩",
    "item":"火龙头盔",
    "material":"太古大骨",
    "rarity":"Uncommon.12",
    "amount":4
  },
  {
    "category":"DragonKnight 棱彩",
    "item":"火龙头盔",
    "material":"火龙的红玉",
    "rarity":"Rare.4",
    "amount":4
  },
  {
    "category":"DragonKnight 棱彩",
    "item":"火龙腰甲和护腿",
    "material":"怪物精华",
    "rarity":"Common",
    "amount":5
  },
  {
    "category":"DragonKnight 棱彩",
    "item":"火龙腰甲和护腿",
    "material":"火龙的翅膀",
    "rarity":"Uncommon.7",
    "amount":4
  },
  {
    "category":"DragonKnight 棱彩",
    "item":"火龙腰甲和护腿",
    "material":"野猪的头",
    "rarity":"Uncommon.14",
    "amount":4
  },
  {
    "category":"DragonKnight 棱彩",
    "item":"火龙腰甲和护腿",
    "material":"扭曲狂骨",
    "rarity":"Rare.9",
    "amount":2
  },
  {
    "category":"DragonKnight 棱彩",
    "item":"火龙腕甲",
    "material":"火龙的坚壳",
    "rarity":"Uncommon.6",
    "amount":6
  },
  {
    "category":"DragonKnight 棱彩",
    "item":"火龙腕甲",
    "material":"太古大骨",
    "rarity":"Uncommon.12",
    "amount":4
  },
  {
    "category":"DragonKnight 棱彩",
    "item":"火龙腕甲",
    "material":"龙玉",
    "rarity":"Rare.8",
    "amount":2
  },
  {
    "category":"BeastMaster 基础",
    "item":"锁镰",
    "material":"怪物爪子",
    "rarity":"Common.2",
    "amount":5
  },
  {
    "category":"BeastMaster 基础",
    "item":"锁镰",
    "material":"惨爪龙的硬肌",
    "rarity":"Uncommon",
    "amount":3
  },
  {
    "category":"BeastMaster 基础",
    "item":"锁镰",
    "material":"惨爪龙的重牙",
    "rarity":"Uncommon.1",
    "amount":3
  },
  {
    "category":"BeastMaster 基础",
    "item":"锁镰",
    "material":"惨爪龙的鳞",
    "rarity":"Uncommon.2",
    "amount":3
  },
  {
    "category":"BeastMaster 基础",
    "item":"锁镰",
    "material":"龙玉",
    "rarity":"Rare.8",
    "amount":2
  },
  {
    "category":"BeastMaster 基础",
    "item":"骨制头盔",
    "material":"怪物精华",
    "rarity":"Common",
    "amount":6
  },
  {
    "category":"BeastMaster 基础",
    "item":"骨制头盔",
    "material":"太古大骨",
    "rarity":"Uncommon.12",
    "amount":4
  },
  {
    "category":"BeastMaster 基础",
    "item":"骨制头盔",
    "material":"冠突龙的甲壳",
    "rarity":"Uncommon.13",
    "amount":4
  },
  {
    "category":"BeastMaster 基础",
    "item":"骨制头盔",
    "material":"野猪的头",
    "rarity":"Uncommon.14",
    "amount":5
  },
  {
    "category":"BeastMaster 基础",
    "item":"骨制头盔",
    "material":"龙玉",
    "rarity":"Rare.8",
    "amount":2
  },
  {
    "category":"BeastMaster 基础",
    "item":"骨制肩甲",
    "material":"怪物爪子",
    "rarity":"Common.2",
    "amount":5
  },
  {
    "category":"BeastMaster 基础",
    "item":"骨制肩甲",
    "material":"太古大骨",
    "rarity":"Uncommon.12",
    "amount":3
  },
  {
    "category":"BeastMaster 基础",
    "item":"骨制肩甲",
    "material":"冠突龙的甲壳",
    "rarity":"Uncommon.13",
    "amount":5
  },
  {
    "category":"BeastMaster 基础",
    "item":"骨制肩甲",
    "material":"野猪的头",
    "rarity":"Uncommon.14",
    "amount":3
  },
  {
    "category":"BeastMaster 基础",
    "item":"骨制肩甲",
    "material":"扭曲狂骨",
    "rarity":"Rare.9",
    "amount":2
  },
  {
    "category":"BeastMaster 基础",
    "item":"骨制腰甲",
    "material":"怪物精华",
    "rarity":"Common",
    "amount":5
  },
  {
    "category":"BeastMaster 基础",
    "item":"骨制腰甲",
    "material":"太古大骨",
    "rarity":"Uncommon.12",
    "amount":5
  },
  {
    "category":"BeastMaster 基础",
    "item":"骨制腰甲",
    "material":"冠突龙的甲壳",
    "rarity":"Uncommon.13",
    "amount":3
  },
  {
    "category":"BeastMaster 基础",
    "item":"骨制腰甲",
    "material":"野猪的头",
    "rarity":"Uncommon.14",
    "amount":3
  },
  {
    "category":"BeastMaster 基础",
    "item":"骨制腕甲",
    "material":"怪物精华",
    "rarity":"Common",
    "amount":5
  },
  {
    "category":"BeastMaster 基础",
    "item":"骨制腕甲",
    "material":"怪物爪子",
    "rarity":"Common.2",
    "amount":5
  },
  {
    "category":"BeastMaster 基础",
    "item":"骨制腕甲",
    "material":"扭曲狂骨",
    "rarity":"Rare.9",
    "amount":2
  },
  {
    "category":"BeastMaster 白鹿",
    "item":"锁镰",
    "material":"怪物爪子",
    "rarity":"Common.2",
    "amount":3
  },
  {
    "category":"BeastMaster 白鹿",
    "item":"锁镰",
    "material":"惨爪龙的硬肌",
    "rarity":"Uncommon",
    "amount":3
  },
  {
    "category":"BeastMaster 白鹿",
    "item":"锁镰",
    "material":"惨爪龙的重牙",
    "rarity":"Uncommon.1",
    "amount":3
  },
  {
    "category":"BeastMaster 白鹿",
    "item":"锁镰",
    "material":"惨爪龙的鳞",
    "rarity":"Uncommon.2",
    "amount":3
  },
  {
    "category":"BeastMaster 白鹿",
    "item":"锁镰",
    "material":"龙玉",
    "rarity":"Rare.8",
    "amount":1
  },
  {
    "category":"BeastMaster 白鹿",
    "item":"锁镰",
    "material":"扭曲狂骨",
    "rarity":"Rare.9",
    "amount":1
  },
  {
    "category":"BeastMaster 白鹿",
    "item":"骨制头盔",
    "material":"怪物精华",
    "rarity":"Common",
    "amount":3
  },
  {
    "category":"BeastMaster 白鹿",
    "item":"骨制头盔",
    "material":"怪物爪子",
    "rarity":"Common.2",
    "amount":3
  },
  {
    "category":"BeastMaster 白鹿",
    "item":"骨制头盔",
    "material":"冠突龙的甲壳",
    "rarity":"Uncommon.13",
    "amount":3
  },
  {
    "category":"BeastMaster 白鹿",
    "item":"骨制头盔",
    "material":"野猪的头",
    "rarity":"Uncommon.14",
    "amount":3
  },
  {
    "category":"BeastMaster 白鹿",
    "item":"骨制肩甲",
    "material":"怪物精华",
    "rarity":"Common",
    "amount":3
  },
  {
    "category":"BeastMaster 白鹿",
    "item":"骨制肩甲",
    "material":"怪物爪子",
    "rarity":"Common.2",
    "amount":3
  },
  {
    "category":"BeastMaster 白鹿",
    "item":"骨制肩甲",
    "material":"太古大骨",
    "rarity":"Uncommon.12",
    "amount":3
  },
  {
    "category":"BeastMaster 白鹿",
    "item":"骨制肩甲",
    "material":"冠突龙的甲壳",
    "rarity":"Uncommon.13",
    "amount":3
  },
  {
    "category":"BeastMaster 白鹿",
    "item":"骨制腰甲",
    "material":"怪物精华",
    "rarity":"Common",
    "amount":3
  },
  {
    "category":"BeastMaster 白鹿",
    "item":"骨制腰甲",
    "material":"太古大骨",
    "rarity":"Uncommon.12",
    "amount":3
  },
  {
    "category":"BeastMaster 白鹿",
    "item":"骨制腰甲",
    "material":"野猪的头",
    "rarity":"Uncommon.14",
    "amount":3
  },
  {
    "category":"BeastMaster 白鹿",
    "item":"骨制腕甲",
    "material":"龙玉",
    "rarity":"Rare.8",
    "amount":1
  },
  {
    "category":"BeastMaster 白鹿",
    "item":"骨制腕甲",
    "material":"扭曲狂骨",
    "rarity":"Rare.9",
    "amount":1
  },
  {
    "category":"BeastMaster 金色",
    "item":"锁镰",
    "material":"怪物爪子",
    "rarity":"Common.2",
    "amount":4
  },
  {
    "category":"BeastMaster 金色",
    "item":"锁镰",
    "material":"惨爪龙的硬肌",
    "rarity":"Uncommon",
    "amount":3
  },
  {
    "category":"BeastMaster 金色",
    "item":"锁镰",
    "material":"惨爪龙的重牙",
    "rarity":"Uncommon.1",
    "amount":3
  },
  {
    "category":"BeastMaster 金色",
    "item":"锁镰",
    "material":"惨爪龙的鳞",
    "rarity":"Uncommon.2",
    "amount":3
  },
  {
    "category":"BeastMaster 金色",
    "item":"锁镰",
    "material":"龙玉",
    "rarity":"Rare.8",
    "amount":2
  },
  {
    "category":"BeastMaster 金色",
    "item":"锁镰",
    "material":"扭曲狂骨",
    "rarity":"Rare.9",
    "amount":2
  },
  {
    "category":"BeastMaster 金色",
    "item":"骨制头盔",
    "material":"怪物精华",
    "rarity":"Common",
    "amount":4
  },
  {
    "category":"BeastMaster 金色",
    "item":"骨制头盔",
    "material":"惨爪龙的鳞",
    "rarity":"Uncommon.2",
    "amount":2
  },
  {
    "category":"BeastMaster 金色",
    "item":"骨制头盔",
    "material":"太古大骨",
    "rarity":"Uncommon.12",
    "amount":3
  },
  {
    "category":"BeastMaster 金色",
    "item":"骨制头盔",
    "material":"冠突龙的甲壳",
    "rarity":"Uncommon.13",
    "amount":3
  },
  {
    "category":"BeastMaster 金色",
    "item":"骨制头盔",
    "material":"野猪的头",
    "rarity":"Uncommon.14",
    "amount":5
  },
  {
    "category":"BeastMaster 金色",
    "item":"骨制肩甲",
    "material":"怪物爪子",
    "rarity":"Common.2",
    "amount":4
  },
  {
    "category":"BeastMaster 金色",
    "item":"骨制肩甲",
    "material":"惨爪龙的硬肌",
    "rarity":"Uncommon",
    "amount":2
  },
  {
    "category":"BeastMaster 金色",
    "item":"骨制肩甲",
    "material":"太古大骨",
    "rarity":"Uncommon.12",
    "amount":3
  },
  {
    "category":"BeastMaster 金色",
    "item":"骨制肩甲",
    "material":"冠突龙的甲壳",
    "rarity":"Uncommon.13",
    "amount":5
  },
  {
    "category":"BeastMaster 金色",
    "item":"骨制肩甲",
    "material":"野猪的头",
    "rarity":"Uncommon.14",
    "amount":3
  },
  {
    "category":"BeastMaster 金色",
    "item":"骨制腰甲",
    "material":"怪物精华",
    "rarity":"Common",
    "amount":4
  },
  {
    "category":"BeastMaster 金色",
    "item":"骨制腰甲",
    "material":"惨爪龙的重牙",
    "rarity":"Uncommon.1",
    "amount":2
  },
  {
    "category":"BeastMaster 金色",
    "item":"骨制腰甲",
    "material":"太古大骨",
    "rarity":"Uncommon.12",
    "amount":5
  },
  {
    "category":"BeastMaster 金色",
    "item":"骨制腰甲",
    "material":"冠突龙的甲壳",
    "rarity":"Uncommon.13",
    "amount":3
  },
  {
    "category":"BeastMaster 金色",
    "item":"骨制腰甲",
    "material":"野猪的头",
    "rarity":"Uncommon.14",
    "amount":3
  },
  {
    "category":"BeastMaster 金色",
    "item":"骨制腕甲",
    "material":"怪物精华",
    "rarity":"Common",
    "amount":4
  },
  {
    "category":"BeastMaster 金色",
    "item":"骨制腕甲",
    "material":"怪物爪子",
    "rarity":"Common.2",
    "amount":4
  },
  {
    "category":"BeastMaster 金色",
    "item":"骨制腕甲",
    "material":"龙玉",
    "rarity":"Rare.8",
    "amount":1
  },
  {
    "category":"BeastMaster 金色",
    "item":"骨制腕甲",
    "material":"扭曲狂骨",
    "rarity":"Rare.9",
    "amount":1
  },
  {
    "category":"BeastMaster 金色",
    "item":"锁镰",
    "material":"怪物爪子",
    "rarity":"Common.2",
    "amount":5
  },
  {
    "category":"BeastMaster 金色",
    "item":"锁镰",
    "material":"惨爪龙的硬肌",
    "rarity":"Uncommon",
    "amount":4
  },
  {
    "category":"BeastMaster 金色",
    "item":"锁镰",
    "material":"惨爪龙的重牙",
    "rarity":"Uncommon.1",
    "amount":4
  },
  {
    "category":"BeastMaster 金色",
    "item":"锁镰",
    "material":"惨爪龙的鳞",
    "rarity":"Uncommon.2",
    "amount":4
  },
  {
    "category":"BeastMaster 金色",
    "item":"锁镰",
    "material":"龙玉",
    "rarity":"Rare.8",
    "amount":3
  },
  {
    "category":"BeastMaster 金色",
    "item":"锁镰",
    "material":"扭曲狂骨",
    "rarity":"Rare.9",
    "amount":3
  },
  {
    "category":"BeastMaster 金色",
    "item":"锁镰",
    "material":"棱彩颜料",
    "rarity":"Super Rare.2",
    "amount":1
  },
  {
    "category":"BeastMaster 金色",
    "item":"骨制头盔",
    "material":"怪物精华",
    "rarity":"Common",
    "amount":5
  },
  {
    "category":"BeastMaster 金色",
    "item":"骨制头盔",
    "material":"惨爪龙的鳞",
    "rarity":"Uncommon.2",
    "amount":4
  },
  {
    "category":"BeastMaster 金色",
    "item":"骨制头盔",
    "material":"太古大骨",
    "rarity":"Uncommon.12",
    "amount":4
  },
  {
    "category":"BeastMaster 金色",
    "item":"骨制头盔",
    "material":"冠突龙的甲壳",
    "rarity":"Uncommon.13",
    "amount":4
  },
  {
    "category":"BeastMaster 金色",
    "item":"骨制头盔",
    "material":"野猪的头",
    "rarity":"Uncommon.14",
    "amount":6
  },
  {
    "category":"BeastMaster 金色",
    "item":"骨制头盔",
    "material":"棱彩颜料",
    "rarity":"Super Rare.2",
    "amount":1
  },
  {
    "category":"BeastMaster 金色",
    "item":"骨制肩甲",
    "material":"怪物爪子",
    "rarity":"Common.2",
    "amount":5
  },
  {
    "category":"BeastMaster 金色",
    "item":"骨制肩甲",
    "material":"惨爪龙的硬肌",
    "rarity":"Uncommon",
    "amount":4
  },
  {
    "category":"BeastMaster 金色",
    "item":"骨制肩甲",
    "material":"太古大骨",
    "rarity":"Uncommon.12",
    "amount":4
  },
  {
    "category":"BeastMaster 金色",
    "item":"骨制肩甲",
    "material":"冠突龙的甲壳",
    "rarity":"Uncommon.13",
    "amount":6
  },
  {
    "category":"BeastMaster 金色",
    "item":"骨制肩甲",
    "material":"野猪的头",
    "rarity":"Uncommon.14",
    "amount":4
  },
  {
    "category":"BeastMaster 金色",
    "item":"骨制肩甲",
    "material":"惨爪龙的厚鳞",
    "rarity":"Rare",
    "amount":2
  },
  {
    "category":"BeastMaster 金色",
    "item":"骨制腰甲",
    "material":"怪物精华",
    "rarity":"Common",
    "amount":5
  },
  {
    "category":"BeastMaster 金色",
    "item":"骨制腰甲",
    "material":"惨爪龙的重牙",
    "rarity":"Uncommon.1",
    "amount":4
  },
  {
    "category":"BeastMaster 金色",
    "item":"骨制腰甲",
    "material":"太古大骨",
    "rarity":"Uncommon.12",
    "amount":6
  },
  {
    "category":"BeastMaster 金色",
    "item":"骨制腰甲",
    "material":"冠突龙的甲壳",
    "rarity":"Uncommon.13",
    "amount":4
  },
  {
    "category":"BeastMaster 金色",
    "item":"骨制腰甲",
    "material":"野猪的头",
    "rarity":"Uncommon.14",
    "amount":4
  },
  {
    "category":"BeastMaster 金色",
    "item":"骨制腰甲",
    "material":"扭曲狂骨",
    "rarity":"Rare.9",
    "amount":1
  },
  {
    "category":"BeastMaster 金色",
    "item":"骨制腕甲",
    "material":"怪物精华",
    "rarity":"Common",
    "amount":5
  },
  {
    "category":"BeastMaster 金色",
    "item":"骨制腕甲",
    "material":"怪物爪子",
    "rarity":"Common.2",
    "amount":5
  },
  {
    "category":"BeastMaster 金色",
    "item":"骨制腕甲",
    "material":"惨爪龙的天鳞",
    "rarity":"Rare.1",
    "amount":2
  },
  {
    "category":"BeastMaster 金色",
    "item":"骨制腕甲",
    "material":"龙玉",
    "rarity":"Rare.8",
    "amount":2
  },
  {
    "category":"BeastMaster 金色",
    "item":"骨制腕甲",
    "material":"扭曲狂骨",
    "rarity":"Rare.9",
    "amount":1
  },
  {
    "category":"WindRanger 基础",
    "item":"雷狼龙头盔",
    "material":"怪物爪子",
    "rarity":"Common.2",
    "amount":6
  },
  {
    "category":"WindRanger 基础",
    "item":"雷狼龙头盔",
    "material":"雷狼龙的雷电壳",
    "rarity":"Uncommon.4",
    "amount":4
  },
  {
    "category":"WindRanger 基础",
    "item":"雷狼龙头盔",
    "material":"雷狼龙的重壳",
    "rarity":"Uncommon.5",
    "amount":4
  },
  {
    "category":"WindRanger 基础",
    "item":"雷狼龙头盔",
    "material":"雷狼龙的刚角",
    "rarity":"Rare.2",
    "amount":2
  },
  {
    "category":"WindRanger 基础",
    "item":"雷狼龙头盔",
    "material":"雷狼龙的天玉",
    "rarity":"Rare.3",
    "amount":2
  },
  {
    "category":"WindRanger 基础",
    "item":"雷狼龙肩甲",
    "material":"怪物毛皮",
    "rarity":"Common.1",
    "amount":6
  },
  {
    "category":"WindRanger 基础",
    "item":"雷狼龙肩甲",
    "material":"怪物爪子",
    "rarity":"Common.2",
    "amount":6
  },
  {
    "category":"WindRanger 基础",
    "item":"雷狼龙肩甲",
    "material":"雷狼龙的高电毛",
    "rarity":"Uncommon.3",
    "amount":4
  },
  {
    "category":"WindRanger 基础",
    "item":"雷狼龙肩甲",
    "material":"雷狼龙的雷电壳",
    "rarity":"Uncommon.4",
    "amount":4
  },
  {
    "category":"WindRanger 基础",
    "item":"雷狼龙肩甲",
    "material":"雷狼龙的刚角",
    "rarity":"Rare.2",
    "amount":2
  },
  {
    "category":"WindRanger 基础",
    "item":"王弓",
    "material":"怪物毛皮",
    "rarity":"Common.1",
    "amount":5
  },
  {
    "category":"WindRanger 基础",
    "item":"王弓",
    "material":"雷狼龙的高电毛",
    "rarity":"Uncommon.3",
    "amount":3
  },
  {
    "category":"WindRanger 基础",
    "item":"王弓",
    "material":"雷狼龙的重壳",
    "rarity":"Uncommon.5",
    "amount":3
  },
  {
    "category":"WindRanger 基础",
    "item":"王弓",
    "material":"雷狼龙的天玉",
    "rarity":"Rare.3",
    "amount":2
  },
  {
    "category":"WindRanger 基础",
    "item":"猎人披风",
    "material":"怪物毛皮",
    "rarity":"Common.1",
    "amount":5
  },
  {
    "category":"WindRanger 基础",
    "item":"猎人披风",
    "material":"雷狼龙的高电毛",
    "rarity":"Uncommon.3",
    "amount":3
  },
  {
    "category":"WindRanger 基础",
    "item":"猎人披风",
    "material":"雷狼龙的雷电壳",
    "rarity":"Uncommon.4",
    "amount":3
  },
  {
    "category":"WindRanger 基础",
    "item":"箭袋",
    "material":"怪物爪子",
    "rarity":"Common.2",
    "amount":5
  },
  {
    "category":"WindRanger 基础",
    "item":"箭袋",
    "material":"雷狼龙的重壳",
    "rarity":"Uncommon.5",
    "amount":3
  },
  {
    "category":"WindRanger 金秋",
    "item":"雷狼龙头盔",
    "material":"怪物爪子",
    "rarity":"Common.2",
    "amount":3
  },
  {
    "category":"WindRanger 金秋",
    "item":"雷狼龙头盔",
    "material":"雷狼龙的雷电壳",
    "rarity":"Uncommon.4",
    "amount":3
  },
  {
    "category":"WindRanger 金秋",
    "item":"雷狼龙头盔",
    "material":"雷狼龙的重壳",
    "rarity":"Uncommon.5",
    "amount":3
  },
  {
    "category":"WindRanger 金秋",
    "item":"雷狼龙头盔",
    "material":"雷狼龙的刚角",
    "rarity":"Rare.2",
    "amount":2
  },
  {
    "category":"WindRanger 金秋",
    "item":"雷狼龙头盔",
    "material":"雷狼龙的天玉",
    "rarity":"Rare.3",
    "amount":1
  },
  {
    "category":"WindRanger 金秋",
    "item":"雷狼龙肩甲",
    "material":"怪物毛皮",
    "rarity":"Common.1",
    "amount":3
  },
  {
    "category":"WindRanger 金秋",
    "item":"雷狼龙肩甲",
    "material":"怪物爪子",
    "rarity":"Common.2",
    "amount":3
  },
  {
    "category":"WindRanger 金秋",
    "item":"雷狼龙肩甲",
    "material":"雷狼龙的高电毛",
    "rarity":"Uncommon.3",
    "amount":3
  },
  {
    "category":"WindRanger 金秋",
    "item":"雷狼龙肩甲",
    "material":"雷狼龙的雷电壳",
    "rarity":"Uncommon.4",
    "amount":3
  },
  {
    "category":"WindRanger 金秋",
    "item":"王弓",
    "material":"怪物毛皮",
    "rarity":"Common.1",
    "amount":3
  },
  {
    "category":"WindRanger 金秋",
    "item":"王弓",
    "material":"雷狼龙的高电毛",
    "rarity":"Uncommon.3",
    "amount":3
  },
  {
    "category":"WindRanger 金秋",
    "item":"王弓",
    "material":"雷狼龙的重壳",
    "rarity":"Uncommon.5",
    "amount":3
  },
  {
    "category":"WindRanger 金秋",
    "item":"王弓",
    "material":"雷狼龙的天玉",
    "rarity":"Rare.3",
    "amount":1
  },
  {
    "category":"WindRanger 金秋",
    "item":"猎人披风",
    "material":"怪物毛皮",
    "rarity":"Common.1",
    "amount":3
  },
  {
    "category":"WindRanger 金秋",
    "item":"猎人披风",
    "material":"雷狼龙的高电毛",
    "rarity":"Uncommon.3",
    "amount":3
  },
  {
    "category":"WindRanger 金秋",
    "item":"箭袋",
    "material":"怪物爪子",
    "rarity":"Common.2",
    "amount":3
  },
  {
    "category":"WindRanger 金秋",
    "item":"箭袋",
    "material":"雷狼龙的重壳",
    "rarity":"Uncommon.5",
    "amount":3
  },
  {
    "category":"WindRanger 青森 ",
    "item":"雷狼龙头盔",
    "material":"怪物爪子",
    "rarity":"Common.2",
    "amount":4
  },
  {
    "category":"WindRanger 青森 ",
    "item":"雷狼龙头盔",
    "material":"雷狼龙的雷电壳",
    "rarity":"Uncommon.4",
    "amount":3
  },
  {
    "category":"WindRanger 青森 ",
    "item":"雷狼龙头盔",
    "material":"雷狼龙的重壳",
    "rarity":"Uncommon.5",
    "amount":4
  },
  {
    "category":"WindRanger 青森 ",
    "item":"雷狼龙头盔",
    "material":"铁矿石",
    "rarity":"Uncommon.17",
    "amount":2
  },
  {
    "category":"WindRanger 青森 ",
    "item":"雷狼龙头盔",
    "material":"雷狼龙的刚角",
    "rarity":"Rare.2",
    "amount":2
  },
  {
    "category":"WindRanger 青森 ",
    "item":"雷狼龙头盔",
    "material":"雷狼龙的天玉",
    "rarity":"Rare.3",
    "amount":2
  },
  {
    "category":"WindRanger 青森 ",
    "item":"雷狼龙肩甲",
    "material":"怪物毛皮",
    "rarity":"Common.1",
    "amount":4
  },
  {
    "category":"WindRanger 青森 ",
    "item":"雷狼龙肩甲",
    "material":"怪物爪子",
    "rarity":"Common.2",
    "amount":4
  },
  {
    "category":"WindRanger 青森 ",
    "item":"雷狼龙肩甲",
    "material":"雷狼龙的高电毛",
    "rarity":"Uncommon.3",
    "amount":4
  },
  {
    "category":"WindRanger 青森 ",
    "item":"雷狼龙肩甲",
    "material":"雷狼龙的雷电壳",
    "rarity":"Uncommon.4",
    "amount":3
  },
  {
    "category":"WindRanger 青森 ",
    "item":"雷狼龙肩甲",
    "material":"大桶",
    "rarity":"Uncommon.15",
    "amount":2
  },
  {
    "category":"WindRanger 青森 ",
    "item":"雷狼龙肩甲",
    "material":"雷狼龙的刚角",
    "rarity":"Rare.2",
    "amount":2
  },
  {
    "category":"WindRanger 青森 ",
    "item":"王弓",
    "material":"怪物毛皮",
    "rarity":"Common.1",
    "amount":4
  },
  {
    "category":"WindRanger 青森 ",
    "item":"王弓",
    "material":"雷狼龙的高电毛",
    "rarity":"Uncommon.3",
    "amount":3
  },
  {
    "category":"WindRanger 青森 ",
    "item":"王弓",
    "material":"雷狼龙的重壳",
    "rarity":"Uncommon.5",
    "amount":3
  },
  {
    "category":"WindRanger 青森 ",
    "item":"王弓",
    "material":"火药粉",
    "rarity":"Uncommon.16",
    "amount":2
  },
  {
    "category":"WindRanger 青森 ",
    "item":"王弓",
    "material":"铁矿石",
    "rarity":"Uncommon.17",
    "amount":2
  },
  {
    "category":"WindRanger 青森 ",
    "item":"王弓",
    "material":"雷狼龙的天玉",
    "rarity":"Rare.3",
    "amount":2
  },
  {
    "category":"WindRanger 青森 ",
    "item":"猎人披风",
    "material":"怪物毛皮",
    "rarity":"Common.1",
    "amount":4
  },
  {
    "category":"WindRanger 青森 ",
    "item":"猎人披风",
    "material":"雷狼龙的高电毛",
    "rarity":"Uncommon.3",
    "amount":3
  },
  {
    "category":"WindRanger 青森 ",
    "item":"猎人披风",
    "material":"雷狼龙的雷电壳",
    "rarity":"Uncommon.4",
    "amount":4
  },
  {
    "category":"WindRanger 青森 ",
    "item":"猎人披风",
    "material":"火药粉",
    "rarity":"Uncommon.16",
    "amount":2
  },
  {
    "category":"WindRanger 青森 ",
    "item":"箭袋",
    "material":"怪物爪子",
    "rarity":"Common.2",
    "amount":4
  },
  {
    "category":"WindRanger 青森 ",
    "item":"箭袋",
    "material":"雷狼龙的重壳",
    "rarity":"Uncommon.5",
    "amount":3
  },
  {
    "category":"WindRanger 青森 ",
    "item":"箭袋",
    "material":"大桶",
    "rarity":"Uncommon.15",
    "amount":2
  },
  {
    "category":"WindRanger 棱彩",
    "item":"雷狼龙头盔",
    "material":"怪物毛皮",
    "rarity":"Common.1",
    "amount":5
  },
  {
    "category":"WindRanger 棱彩",
    "item":"雷狼龙头盔",
    "material":"怪物爪子",
    "rarity":"Common.2",
    "amount":5
  },
  {
    "category":"WindRanger 棱彩",
    "item":"雷狼龙头盔",
    "material":"雷狼龙的雷电壳",
    "rarity":"Uncommon.4",
    "amount":3
  },
  {
    "category":"WindRanger 棱彩",
    "item":"雷狼龙头盔",
    "material":"雷狼龙的重壳",
    "rarity":"Uncommon.5",
    "amount":3
  },
  {
    "category":"WindRanger 棱彩",
    "item":"雷狼龙头盔",
    "material":"铁矿石",
    "rarity":"Uncommon.17",
    "amount":3
  },
  {
    "category":"WindRanger 棱彩",
    "item":"雷狼龙头盔",
    "material":"雷狼龙的刚角",
    "rarity":"Rare.2",
    "amount":3
  },
  {
    "category":"WindRanger 棱彩",
    "item":"雷狼龙头盔",
    "material":"雷狼龙的天玉",
    "rarity":"Rare.3",
    "amount":3
  },
  {
    "category":"WindRanger 棱彩",
    "item":"雷狼龙头盔",
    "material":"棱彩颜料",
    "rarity":"Super Rare.2",
    "amount":1
  },
  {
    "category":"WindRanger 棱彩",
    "item":"雷狼龙肩甲",
    "material":"怪物毛皮",
    "rarity":"Common.1",
    "amount":5
  },
  {
    "category":"WindRanger 棱彩",
    "item":"雷狼龙肩甲",
    "material":"怪物爪子",
    "rarity":"Common.2",
    "amount":5
  },
  {
    "category":"WindRanger 棱彩",
    "item":"雷狼龙肩甲",
    "material":"雷狼龙的高电毛",
    "rarity":"Uncommon.3",
    "amount":5
  },
  {
    "category":"WindRanger 棱彩",
    "item":"雷狼龙肩甲",
    "material":"雷狼龙的雷电壳",
    "rarity":"Uncommon.4",
    "amount":3
  },
  {
    "category":"WindRanger 棱彩",
    "item":"雷狼龙肩甲",
    "material":"大桶",
    "rarity":"Uncommon.15",
    "amount":3
  },
  {
    "category":"WindRanger 棱彩",
    "item":"雷狼龙肩甲",
    "material":"雷狼龙的刚角",
    "rarity":"Rare.2",
    "amount":3
  },
  {
    "category":"WindRanger 棱彩",
    "item":"雷狼龙肩甲",
    "material":"棱彩颜料",
    "rarity":"Super Rare.2",
    "amount":1
  },
  {
    "category":"WindRanger 棱彩",
    "item":"王弓",
    "material":"雷狼龙的高电毛",
    "rarity":"Uncommon.3",
    "amount":3
  },
  {
    "category":"WindRanger 棱彩",
    "item":"王弓",
    "material":"雷狼龙的重壳",
    "rarity":"Uncommon.5",
    "amount":3
  },
  {
    "category":"WindRanger 棱彩",
    "item":"王弓",
    "material":"火药粉",
    "rarity":"Uncommon.16",
    "amount":3
  },
  {
    "category":"WindRanger 棱彩",
    "item":"王弓",
    "material":"铁矿石",
    "rarity":"Uncommon.17",
    "amount":3
  },
  {
    "category":"WindRanger 棱彩",
    "item":"王弓",
    "material":"雷狼龙的天玉",
    "rarity":"Rare.3",
    "amount":3
  },
  {
    "category":"WindRanger 棱彩",
    "item":"猎人披风",
    "material":"怪物毛皮",
    "rarity":"Common.1",
    "amount":5
  },
  {
    "category":"WindRanger 棱彩",
    "item":"猎人披风",
    "material":"雷狼龙的高电毛",
    "rarity":"Uncommon.3",
    "amount":3
  },
  {
    "category":"WindRanger 棱彩",
    "item":"猎人披风",
    "material":"雷狼龙的雷电壳",
    "rarity":"Uncommon.4",
    "amount":4
  },
  {
    "category":"WindRanger 棱彩",
    "item":"猎人披风",
    "material":"火药粉",
    "rarity":"Uncommon.16",
    "amount":3
  },
  {
    "category":"WindRanger 棱彩",
    "item":"猎人披风",
    "material":"鬼硝化伞菇",
    "rarity":"Rare.11",
    "amount":2
  },
  {
    "category":"WindRanger 棱彩",
    "item":"箭袋",
    "material":"怪物爪子",
    "rarity":"Common.2",
    "amount":5
  },
  {
    "category":"WindRanger 棱彩",
    "item":"箭袋",
    "material":"雷狼龙的重壳",
    "rarity":"Uncommon.5",
    "amount":4
  },
  {
    "category":"WindRanger 棱彩",
    "item":"箭袋",
    "material":"大桶",
    "rarity":"Uncommon.15",
    "amount":3
  },
  {
    "category":"WindRanger 棱彩",
    "item":"箭袋",
    "material":"灾祸之布",
    "rarity":"Rare.10",
    "amount":2
  },
  {
    "category":"Poogie",
    "item":"见习调查员",
    "material":"怪物爪子",
    "rarity":"Common.2",
    "amount":15
  },
  {
    "category":"Poogie",
    "item":"见习调查员",
    "material":"惨爪龙的鳞",
    "rarity":"Uncommon.2",
    "amount":4
  },
  {
    "category":"Poogie",
    "item":"见习调查员",
    "material":"火龙的尾巴",
    "rarity":"Uncommon.8",
    "amount":5
  },
  {
    "category":"Poogie",
    "item":"见习调查员",
    "material":"大桶",
    "rarity":"Uncommon.15",
    "amount":4
  },
  {
    "category":"Poogie",
    "item":"见习调查员",
    "material":"雷狼龙的刚角",
    "rarity":"Rare.2",
    "amount":2
  },
  {
    "category":"Poogie",
    "item":"见习调查员",
    "material":"麒麟的苍角",
    "rarity":"Rare.6",
    "amount":3
  },
  {
    "category":"Poogie",
    "item":"见习调查员",
    "material":"噗嗤猪票券",
    "rarity":"Super Rare.1",
    "amount":1
  },
  {
    "category":"Poogie",
    "item":"嗡嗡小蜜蜂",
    "material":"怪物精华",
    "rarity":"Common",
    "amount":15
  },
  {
    "category":"Poogie",
    "item":"嗡嗡小蜜蜂",
    "material":"惨爪龙的硬肌",
    "rarity":"Uncommon",
    "amount":4
  },
  {
    "category":"Poogie",
    "item":"嗡嗡小蜜蜂",
    "material":"雷狼龙的重壳",
    "rarity":"Uncommon.5",
    "amount":5
  },
  {
    "category":"Poogie",
    "item":"嗡嗡小蜜蜂",
    "material":"火龙的翅膀",
    "rarity":"Uncommon.7",
    "amount":4
  },
  {
    "category":"Poogie",
    "item":"嗡嗡小蜜蜂",
    "material":"麒麟的苍角",
    "rarity":"Rare.6",
    "amount":2
  },
  {
    "category":"Poogie",
    "item":"嗡嗡小蜜蜂",
    "material":"龙玉",
    "rarity":"Rare.8",
    "amount":3
  },
  {
    "category":"Poogie",
    "item":"嗡嗡小蜜蜂",
    "material":"噗嗤猪票券",
    "rarity":"Super Rare.1",
    "amount":1
  },
  {
    "category":"Poogie",
    "item":"南瓜之逆袭",
    "material":"怪物毛皮",
    "rarity":"Common.1",
    "amount":15
  },
  {
    "category":"Poogie",
    "item":"南瓜之逆袭",
    "material":"雷狼龙的雷电壳",
    "rarity":"Uncommon.4",
    "amount":4
  },
  {
    "category":"Poogie",
    "item":"南瓜之逆袭",
    "material":"火龙的坚壳",
    "rarity":"Uncommon.6",
    "amount":4
  },
  {
    "category":"Poogie",
    "item":"南瓜之逆袭",
    "material":"麒麟的雷角",
    "rarity":"Uncommon.9",
    "amount":5
  },
  {
    "category":"Poogie",
    "item":"南瓜之逆袭",
    "material":"龙玉",
    "rarity":"Rare.8",
    "amount":2
  },
  {
    "category":"Poogie",
    "item":"南瓜之逆袭",
    "material":"鬼硝化伞菇",
    "rarity":"Rare.11",
    "amount":3
  },
  {
    "category":"Poogie",
    "item":"南瓜之逆袭",
    "material":"噗嗤猪票券",
    "rarity":"Super Rare.1",
    "amount":1
  },
  {
    "category":"Poogie",
    "item":"魅惑粉红",
    "material":"怪物爪子",
    "rarity":"Common.2",
    "amount":15
  },
  {
    "category":"Poogie",
    "item":"魅惑粉红",
    "material":"雷狼龙的高电毛",
    "rarity":"Uncommon.3",
    "amount":4
  },
  {
    "category":"Poogie",
    "item":"魅惑粉红",
    "material":"麒麟的鬃毛",
    "rarity":"Uncommon.11",
    "amount":4
  },
  {
    "category":"Poogie",
    "item":"魅惑粉红",
    "material":"野猪的头",
    "rarity":"Uncommon.14",
    "amount":5
  },
  {
    "category":"Poogie",
    "item":"魅惑粉红",
    "material":"惨爪龙的厚鳞",
    "rarity":"Rare",
    "amount":3
  },
  {
    "category":"Poogie",
    "item":"魅惑粉红",
    "material":"鬼硝化伞菇",
    "rarity":"Rare.11",
    "amount":2
  },
  {
    "category":"Poogie",
    "item":"魅惑粉红",
    "material":"噗嗤猪票券",
    "rarity":"Super Rare.1",
    "amount":1
  },
  {
    "category":"Poogie",
    "item":"国王的新衣",
    "material":"怪物精华",
    "rarity":"Common",
    "amount":15
  },
  {
    "category":"Poogie",
    "item":"国王的新衣",
    "material":"麒麟的皮",
    "rarity":"Uncommon.10",
    "amount":4
  },
  {
    "category":"Poogie",
    "item":"国王的新衣",
    "material":"太古大骨",
    "rarity":"Uncommon.12",
    "amount":4
  },
  {
    "category":"Poogie",
    "item":"国王的新衣",
    "material":"铁矿石",
    "rarity":"Uncommon.17",
    "amount":5
  },
  {
    "category":"Poogie",
    "item":"国王的新衣",
    "material":"惨爪龙的厚鳞",
    "rarity":"Rare",
    "amount":2
  },
  {
    "category":"Poogie",
    "item":"国王的新衣",
    "material":"火龙的红玉",
    "rarity":"Rare.4",
    "amount":3
  },
  {
    "category":"Poogie",
    "item":"国王的新衣",
    "material":"噗嗤猪票券",
    "rarity":"Super Rare.1",
    "amount":1
  }
]